0.071696373,0.142866684,7.857934536,0,0,1.47193309,0,0.550157398,0.023925769,0.048174991,0,1.75776934,6.017418333,4.150704377,0.3946214,7.746259633,21.66375647,0.271217087,0,0.041872026,0.105074737,0.053732257,0.065462407,0.078328329,0.005446432,0.097982312,0.02992058,0.114139286,6.666860979,100,1.422874274,0,7.713147414,0.059838864,0.139231536,0.119490922,0.140449868,0.039234722,0.124311916,0.285544518,0.120973142,0.325595584,0.15245413,1.354628939,0.339269331,1.167012921,0.071063863,0.103197308,0.099742406,0.051720666,0.174030815,0.122329946,0.172978415,0.371415535,0.181814741,1.208573862,1.023773072,4.574693202,0.102217954,0.418145181,0,0.320651879,0.577298868,0.559718712,0.520623048,0.319768779,0.367277471,0.305582545,0.301587144,0.131710431,0.31770158,3.034482568,0.279003564,0,0,0,0.111607863,0.366943277,0.586041844,0.216817099,0.207247015,0.221306338,0.157702182,0.215906731,0.343483104,1.091438548,0.141733737,0.092782319,4.041615657,10.17542518,0.938525562,0.400500833,0.322465242,0.154152726,0.310718119,0.349588003,0.315779532,0.040673072,0.229296242,0.466400215,0.304713524,0.440524726,0.129637253,0.028535559,0.271691016,1.166711002,1.417470963,0.332547281,0.219640273,0.363116276,0.085606016,0.14739609,1.306972443,2.664794593,0.401507372,0.385976977,0.497749022,0.930561447,1.379669582,0.377741393,0.603612427,0.947242522,0.491505914,0.317633543,0.383962891,2.325485834,4.198841683,3.796657597,0.802486406,0.281502757,0.310491649,0.281671225,0.380760115,0.735607883,0.471582289,0.685202165,0.382464977,0.347341154,0.511025986,0.3369439,3.018722025,6.353264563,0.819756347,0.267203144,0.246962904,0.193555284,0.188044207,0.014101081,0.194464936,0.215552545,0.597325122,0.067096334,0.260703749,0.397771996,0.257943557,0.490129171,0.194634294,0.068189133,0.099027433,0.166306839,0.496652815,0.263050954,0.155760922,0.049336133,0,0.089262713,0.402395651,0.286270657,0.899396861,1.581943641,0.289096224,0.205342518,0.05037636,0.140682914,0.323280517,0.233039032,0.093367091,0.380079908,0.474786535,0,2.362023875,22.75092255,29.55273324,3.906172126,1.734993538,0.390409632,0.199645683,0.162174346,0.152485437,0.583306398,0.637298041,0.266263172,0.314459223,0.155968198,0.149202678,0.234539407,0.354717235,0.84544166,0.486621641,0.221466179,0.530541136,0.296323681,0.265751268,0.355990988,0.063295974,0,0.165494397,0.063797922,0.164482177,0.032166645,0.203707298,0.237540882,0.721595968,0.209937844,0.05527208,0.177192287,0,0.24997376,0.001316761,0.303587886,0.271493179,0.254894498,0.21437655,0.328126985,0.861576578,1.716671632,0.349852142,0.112408519,0,0.1558436,0.058178339,0.735576845,0.451425736,0.12643557,0.075123473,0.108504007,0.299669189,0,0.232841765,0.299705017,0.292623027,0.023151316,0.145799302,0.126926607,0.120752871,0.064264505,0.086068702,0.208783564,0.630614895,0.372902066,1.688012145,0.648979936,0.504196029,0.870586245,0.355684203,0,0.09339778,0.153210181,0.046369417,0.721171742,0.642911902,0,0.31815029,0.195606736,0.003525104,0.124285916,0.045397611,0.196178382,0.331068114,0.155550796
0,0,6.591246757,0,0.126712271,1.95241085,0,0.617390918,0,0,0,1.782384973,4.870304563,3.404332341,0.576643762,24.42102621,10.47941556,0.133281532,0.818698135,0.044494703,0.056747525,0,0.00311665,0,0,0.038315231,0.014261768,0.075145101,4.856631697,100,20.30751357,0,0,0.080120469,0,0.064102776,0,0,0.061491536,0.622649541,0,0.333784931,0.17513685,1.708462198,0.096878071,1.055876413,0,0.119737713,0.077507371,0.177382118,0.081655237,0.196086323,0.151700176,0.186269744,0.301555391,1.848333659,0.959716289,5.213363833,0,0.586850781,0.072028754,0.581146024,0.513013708,0.541446133,0.284599852,0.370613298,0.414628806,0.27105849,0.161257682,0.153941754,0.910093823,4.296897117,0.251000082,0,0,0.050456543,0.062406329,0.41787087,0.716745043,0.011759538,0.135369263,0.270291581,0.154397398,0.318226043,0.641605692,2.785253641,0.225067893,0.194400411,4.492404231,13.31553817,1.045421128,0.485228009,0.213690349,0.259632326,0.300675517,0.167639738,0.142913258,0.401181812,0.329516343,0.669469476,0.28225418,0.417658909,0.169538611,0.131883986,0.304140892,2.429419134,3.803473979,0.712193762,0.2336966,0.219614036,0.461290962,0.894631632,5.291720941,13.26575622,1.105693399,0.465553143,0.408382733,0.594564174,0.519750744,0.658071997,1.689150926,2.601072744,0.587312128,0,0.642663917,2.862844629,4.759375038,5.916591005,0.847607311,0.185347969,0.449636488,0.448607858,0.373076507,0.731498503,0.473944155,0.595110889,0.44168426,0.613993415,0.553833907,0.473083286,9.492585034,20.26921161,2.072525628,0.252979872,0.095794228,0.14613539,0.151404142,0.185001297,0.037547516,0.481540055,0,0.969726394,0.745967262,0.798553764,0.715154067,0.380217668,0.22405855,0.238915567,0.226074655,0.286966346,0.524047944,0.116197317,0.334169435,0.345953303,0.318567482,0.413349901,0.420923772,0.33142397,2.086558926,5.344669373,0.645655964,0.275505627,0.154369866,0.07497803,0.134559848,0.286295187,0,0.14303842,0.448215295,3.92285967,5.348391473,13.97044232,21.97466398,3.913570082,1.113196177,0.370780086,0.232105937,0.262951852,0,0.496370026,0.711488159,0.320706256,0.353486924,0.813907169,0.846468551,0.636438687,1.197761995,0.744922875,0.560902504,0.210255328,0.595189346,0.433394034,0.095838428,0.305859849,0.213568627,0.258997156,0.052004538,0.181135421,0.083607743,0.328559451,0.491786846,0.507522163,0.666250888,0.496939321,0.065939234,0.136155493,0.488746844,0,0.147609316,0.383363638,0.512045395,0.181139484,0.186322447,0.291986326,0.715208329,1.465606346,0.403746632,0.161841303,0.909246202,0.381963066,0.173070177,0.272841306,0.105809336,0.215492378,0.118983545,0.07343107,0.368325798,0.144831651,0.253858075,0.546902596,0.228031233,0.050120913,0,0.053756567,0.096623052,0,0.146929106,0,0.416195865,0.23948046,3.39679776,2.153389692,0.412558666,1.097835411,0.119358176,0.096404788,0.092788985,0.017308816,0.0128832,1.321598789,0.742316369,0.206167992,0.236092776,0.317714466,0.096738519,0.042808,0.191133501,0,0.259972678,0.016402672
0,0,7.63839821,0.043020336,0.105554413,1.631384044,0,0.2636372,0,0,0,4.005178111,7.796901946,7.46160716,0.389245074,12.97623295,26.9741962,0.391885769,0.463132085,0,0,0.001858149,0,0,0,0,0,0.098520888,4.524217428,100,14.85493647,0.954767257,10.68402013,0,0.520168193,0.036328584,0.255956987,0.204123226,0.111691863,0.61294009,0.150988556,0.616603122,0.147204521,1.915855801,0.099449576,1.51573845,0,0.055240928,0.035451116,0.208899411,0,0.121292389,0,0.708085132,0.402167,2.813203333,0.417005823,4.4886359,0.29550695,0.448349997,0,0.171575271,0.544311465,0.711045729,0.758342566,0.43224676,0.349308405,0.306274912,0.034248582,0.424748632,0.67360459,3.670073705,0.240389659,0.282379244,0,0,0.064969072,0.665685978,0.750073945,0.167614503,0.085463228,0.334098153,0.1400582,0,0.456263225,1.554080689,0,0.092657895,5.61602121,14.26976599,1.031109514,0.514172136,0.302046901,0.319369235,0.252969033,0.178378269,0.325145203,0.635997606,0.224156526,0.221953271,0.264204303,0.271259926,0,0.164548954,0.405905098,2.780446335,4.557855634,0.753308608,0.592459321,0.410471193,0.239537028,1.147349368,2.423473889,6.830734419,0.95374904,0.499334425,0.711740763,1.018091884,2.37773618,0.404735104,1.90859351,2.494513641,0.720520281,0.956928078,0.301526267,2.928623408,5.234118666,5.041286477,0.499259511,0,0.329102485,0.247294743,0.738617764,0.913216998,0.811343071,0.802929007,0.565705438,0.721335862,0.22118939,0.567969082,6.277098823,14.59263172,1.635709053,0.188991475,0.119397365,0.108114499,0,0.236208187,0.277903242,0.551017869,0.783964485,1.011624887,0.219990764,1.357410703,0.672200321,0.36601563,0.236706797,0.102088372,0.118226577,0.292223389,0.424754807,0.312126001,0.06256466,0.038821875,0.15115164,0.406443424,0.325074355,0.43141345,1.621515698,4.225810519,0.698628951,0.241272863,0.072576022,0,0.003950318,0.323317742,0.111275191,0,0.45981253,2.29465519,4.056689764,25.36296253,41.95619595,4.936916904,2.237065447,0.362407213,0.192706346,0.146584871,0,0.389357277,0.54026781,0.277548377,0,0,0.169114294,0.783592119,0,1.063999404,0,0.151642861,0.541259456,0.655378556,0.365062562,0.01475024,0.279434186,0.126103333,0.124112913,0,0.128117639,0.179452083,0.260724505,0.477571648,1.287650893,0.344436432,0.093511437,0.231602025,0,0.321019085,0,0.433299621,0.731339554,0.042990014,0.210669765,0.275591248,1.215648591,2.02306347,0.499703232,0.059584412,0.416577671,0.700660446,0,0.515764203,0.812596613,0,0,0.002881168,0.135035261,0,0.273182762,0.702279251,0.130561559,0,0,0,0,0,0.044499103,0,0.143244913,0.222811084,3.282409097,0.863380434,0.373631007,1.768380927,0.396250802,0,0.043844047,0.033394047,0,0.845115701,0.648143674,0,0.2308631,0.229868624,0,0,0.145704033,0,0.03400605,0.039862099
0,0,0,0,0,0.452350694,0,0,0,0,0,0,5.278754671,0.472135262,0.325205127,15.35112696,15.43308417,0,0,0,0.004600583,0,0,0,0,0,0,0,5.808890161,100,0,0.819398764,4.478260317,0.081357151,0,0,0.025750242,0,0,0.005733054,0,0.08124121,0.199420761,1.229246866,0.22073832,0.786694912,0,0,0,0,0,0.012330907,0.083308208,0.076339973,0.059621973,0,0.741263983,4.401822021,0.213715617,0.176038738,0,0.032404151,0.013043726,0,0.158613269,0.199696116,0,0.026396713,0.032521053,0.204019275,0.421312891,2.714517658,0.205700508,0.041314954,0.012428014,0,0.014526833,0.20341531,0.214528395,0.000442304,0,0.082723458,0.093119438,0.026475114,0.306964268,1.35443932,0.03882697,0.140195007,2.412315201,6.315853218,0.757346218,0.545708019,0,0.039780445,0,0.259566225,0.122202103,0.061696668,0.06145793,0.376790713,0.107999864,0.152622773,0,0.122366063,0.047912277,1.28424378,1.980622662,0.33796042,0.269584303,0,0,0,1.219174752,3.450919642,0.322723826,0.097103328,0.053476537,0.394192192,0.257418441,0.445915015,0.990785736,1.10397137,0.269868054,0.268660539,0.102254018,1.888133096,3.330982894,2.586695919,0.471982978,0,0.091236667,0.174492172,0.553019262,0.151264998,0.324066316,0.31757156,0.334458529,0.135610254,0,0.123378501,2.661558225,6.33277193,0.891565891,0.119931144,0,0.165629688,0,0.006033512,0,0.23378346,0.462143999,0,0,0,0,0.220978288,0,0,0.064632659,0.078947532,0,0,0.184946969,0,0.037675773,0.079672901,0,0,0.736645952,1.779541379,0.237746559,0.049392742,0,0,0.136955086,0.24767723,0.031706158,0.007153899,0,0,0,1.630663985,0,1.241273177,0,0,0,0,0.201772921,0.061566947,0.378179462,0.040151978,0.099805317,0.144744749,0,0,0,0.080431319,0.078228498,0,0,0,0.056049745,0,0.035593832,0,0,0.111760773,0,0,0,0.096066693,0,0,0,0.037672968,0,0,0,0,0.135332388,0,0.078328634,0,0.268726455,1.128948787,0.094965025,0.064509647,0,0,0,0,0,0,0,0.012491408,0.0610975,0,0.006449541,0.237708622,0.028906688,0.078866424,0.109398782,0,0,0.014470177,0.014671965,0,0,0.132094139,0.288485623,0,0.640709535,0.726987945,0.124273958,0,0.001575392,0.037119493,0.011692353,0,0,0.014322281,0.016983265,0.063627196,0,0.021883199,0.041364533,0,0,0
0,0.167981627,6.909815618,0,0,1.015713895,0,0.682598244,0.081599269,0,0.110220677,0.118115363,6.255430459,2.019401766,0.705388736,23.08566635,30.00876384,0,0,0.07522102,0.088547452,0.120917615,0.067248367,0.082153339,0.089078497,0.071113187,0.097185466,0.226966518,5.749683392,100,0.037826488,1.996535484,9.8012732,0.297368495,0.428381142,0.105972522,0.221201368,0.108854767,0.208266407,0.240366173,0.14924385,0.385998885,0.27650225,1.211036883,0.402708867,1.271735724,0.142294827,0.016221614,0,0.180812754,0,0.229949594,0.160266129,0.245086653,0,0.640134281,0.82371707,4.852219732,0.566530289,0.282681474,0.156923193,0.378249533,0.559206006,0.338154919,0.54880216,0.411127372,0.315323713,0.280107814,0.198881185,0.414956701,0.896225287,3.708920807,0.27679467,0.344467107,0.236684256,0.098830972,0.122074016,0.38492201,0.482491479,0.282073065,0.166632409,0.120231453,0.122235981,0.286941422,0.622945962,1.797492257,0.27738784,0.341029148,2.959096999,8.969489615,0.706261354,0.527381047,0.24415813,0.3683879,0.233399759,0.243808417,0.251774019,0.175965566,0.323238958,0.648679245,0.188847205,0.216767145,0.106839727,0.18661962,0,1.911880824,3.294866177,0.547884443,0.330050777,0.28787044,0,0,1.635524049,3.977455382,0.785212007,0.442615077,0.569141162,0.90711923,1.00035007,0.559153263,1.026272592,1.7790385,0.697214818,0.498666077,0.214078913,3.271303685,4.039710657,3.545857872,0.684436834,0.280751373,0.223414244,0.411138954,0.455554714,0.56524607,0.696091531,0.777686308,0.374947208,0,0.385128723,0.32538285,2.532865764,6.629934393,1.012974608,0,0.214025014,0.093165011,0.15405263,0.254901266,0.180858244,0.385402255,0.605045572,0,0.032714528,0.413476768,0.387104416,0.382405786,0.187515903,0.311328254,0.049093254,0.47542923,0.346272384,0.226033568,0.13125539,0.293581622,0.362268207,0.186957174,0.07836992,0.297494064,0.92588408,1.804335138,0.361774758,0.19186573,0.115569095,0.120059109,0.195400452,0.283398608,0.108414451,0.176067143,0,0,0,14.10907599,19.25828169,3.409504921,1.104339402,0.334659666,0.132348858,0.369531602,0.127047374,0.33212416,0.310569493,0.355122291,0.253502743,0.39210503,0.469508315,0,0,0.529649098,0.230087083,0.153443142,0.553292183,0.287985182,0.227528098,0.309250771,0.115939922,0.164511513,0.333950637,0.179776665,0.122165448,0.144341748,0.402844126,0.342943586,0.760106665,0.477912914,0.127657805,0.197382209,0.161973327,0.219223959,0.152948454,0.315980104,0.510525074,0.215244508,0.259445816,0.251180493,0.736874219,1.136396671,0.471911827,0.097738461,0.604414883,0.115952899,0,0.443650194,0.538377327,0.204061936,0.15918561,0.242936148,0.341628693,0.056974242,0.285803274,0.356229922,0.190729243,0.091235815,0.202502127,0.10098768,0.042608702,0.167198069,0.078940142,0,0.334699142,0.288890901,0.794965581,0.274705112,0.488460348,0.949219402,0.404541525,0.114239515,0.102044272,0.013692604,0.097916578,0.219604904,0.464028583,0,0.243017208,0.242247525,0.170012543,0.116905935,0.055409841,0.305104506,0.304279181,0.099825567
0,0,2.880592635,0,0,1.38311837,0,0.500739709,0,0,0,1.246356018,3.689707748,2.548899163,0.201804912,12.43803366,10.07112347,0,0,0,0,0,0,0,0,0.001840894,0,0.16492883,4.89177035,100,6.013051495,0,0,0,0,0,0,0,0,0.275633224,0,0.03679605,0.050273582,1.530381814,0.218862944,0.825768391,0,0,0,0,0,0,0.057234953,0.103065753,0.302964957,1.428503613,0.531527613,4.035857816,0,0.203557933,0,0.035725785,0.233145247,0,0.206782139,0.363270262,0.082434929,0.141522365,0.309284517,0.447008968,0.56241516,2.04933339,0,0,0,0,0,0.021788063,0.55882224,0.012204515,0,0,0.107625196,0.219408212,0.510722801,1.908461221,0.154324178,0,0.198322223,4.171557781,0.1292513,0.299932993,0.227367244,0.228491217,0.279811869,0.206901689,0.061025887,0.102572401,0,0.363401258,0.107597612,0.295754381,0.018631863,0,0.299741747,1.095919117,1.901879945,0.516150425,0,0,0.281887804,0,8.408488287,23.11169252,2.509290374,0.410397807,0.159543042,0.651962112,0.834084938,0.179909193,0.485635113,0.816007714,0.132716432,0.174017667,0.096550875,1.061912458,1.97519465,3.177692062,0.444407806,0.131456428,0.31979577,0.32920376,0.267748206,0.143819404,0.140177525,0.139624675,0.58045374,0.525629832,0.362773142,0.686198475,16.93839992,38.92975564,4.236623733,0.177812299,0,0,0,0.116847589,0.31439034,0.360963791,0.451477494,0.48858597,0,0.182967605,0.182490687,0.177767137,0.253075296,0,0.157509701,0.202148665,0.24142773,0.047858941,0.118409278,0,0.054937886,0.033572599,0.440011861,0.449020719,3.126546866,5.719080319,1.096186866,0.189787025,0.040986476,0.055852656,0.148944587,0.323699576,0.134366461,0.270097445,0,0,0.376746569,17.40454785,21.84374235,2.623538664,1.922430879,0.177332507,0.039717874,0.205041136,0.125065469,0.30365345,0.569975448,0.190213392,0.23998136,0,0.219303852,0,0,0.608263536,0.283637682,0,0.188785505,0.215037761,0,0.210504803,0.13979367,0.209452529,0,0,0.075940593,0.110306574,0.169253098,0.195437388,0.406769549,0.221892863,0.134197415,0.052597887,0.042114896,0,0.099459306,0.069249385,0.286067582,0.230621651,0,0.121711869,0.818204753,1.104386884,0,0,0,0.283439439,0,0.163153148,0.099181057,0.201168861,0.006766718,0,0,0,0.236850333,0.229494274,0.100765547,0,0,0,0.090917878,0,0.104117931,0.020285024,0.245970521,0.210148947,0,1.425347424,0.442216104,0.693758112,0,0.017317565,0,0.027624292,0,0.103597122,0.26259081,0,0.344962371,0.072802244,0,0.051393898,0,0.12455406,0.368111785,0.017539933
0,0,3.82010897,0,0.06657342,0.51846105,0,0.252838612,0,0,0,0.560925105,3.34798637,1.233393776,0.129336956,13.15886415,6.914034357,0.043843271,0,0.006292521,0.014693429,0,0.013257105,0,0.008685278,0.018849897,0.0168808,0.035053002,2.885935056,66.44078228,8.198396303,0.653732046,2.977627141,0.084867817,0.066185343,0.020498176,0.016370419,0,0.013380572,0.278402273,0.038608936,0.206396309,0.090414604,1.245228021,0.140741995,0.444308124,0.00111482,0,0.069775,0.084148665,0.005862303,0.096696779,0.03894905,0.236964936,0.132421022,0.415754915,1.239723347,9.738644592,0.497574879,0.549814627,0,0.229760007,0.216716789,0.339096491,0.133008712,0.09220565,0.166475371,0.209961764,0.100774984,0.304974834,2.15863574,11.30479286,0.695181655,0.03522252,0.009892079,0.046496979,0.081878183,0.257201669,0.403733379,0.137462955,0.038783868,0.157769466,0.090916615,0.307235661,2.176793173,9.629113119,0.563264815,0.144014593,1.236681355,3.332289445,0.514560681,0.408948771,0.121132812,0.267402573,0.110785492,0.180959081,0.11649218,0.220839076,0.163923951,0.69827567,0.104137206,0.084997919,0.009552326,0.080257482,0.074461888,1.229651423,2.0849699,0.494494924,0.054058771,0.277655432,0.552317487,0.667893597,29.69609173,100,9.055797404,1.158415806,0.177177245,0.594199924,0.420244026,0.218029307,0.729026199,1.151066845,0.39576891,0.364924475,0.188014413,1.477156945,4.011493099,4.912941383,0.646513451,0.208932297,0.149321965,0.400845743,0.120415968,0.256591489,0.312524453,0.543402554,0.224545707,0.157559747,0.219182106,1.397967261,25.43811157,72.60319487,7.776566822,0.713429556,0.055529239,0.115398938,0.009967164,0.094177331,0.061673225,0.228533176,0.326477749,0.178706781,0,0.376522507,0.397304133,0.490575272,0.145525751,0.194017039,0.095879059,0.329041604,0.245786352,0.152818889,0.124732637,0.16063622,0.016351293,0.040545851,0.068409513,0.232736067,2.687365436,8.705340172,0.996469607,0.139897702,0.008667388,0.029842011,0.074877676,0.243723304,0.124844503,0.249266722,0.139224584,0,0,10.29254558,14.66610525,2.985588267,0.744778852,0.272422438,0.072467198,0.053478054,0.060800657,0.404561072,0.606545973,0.193667331,0.211926648,0.403100058,0.050545729,0,0.172791996,0.563984126,0.473035664,0.115790616,0.188329888,0.013072819,0.2411285,0.116533648,0.050463724,0.011173106,0.156104283,0,0.139261576,0.060440358,0.228676431,0.297412304,0.071978383,0.190464968,0.07931005,0.069766381,0.04860104,0,0.087499255,0.217603678,0.374455982,0.089872069,0,0.104871847,0.509706848,1.247385426,0.406270611,0.106962179,0.303635025,0,0.015799523,0.070115003,0.166058783,0.087442586,0.062399894,0.108158745,0.087089764,0.205581042,0.113148701,0.338925053,0.137789942,0.024499581,0.049366237,0.055052984,0,0,0,0.062040397,0.20129973,0,0.185043997,0.180803371,0.34304978,0.611958133,0.155557119,0.070984754,0,0.068932463,0.060029685,0.328968147,0,0.047921836,0.060704779,0,0,0.11654066,0,0.034728696,0.127607871,0.08754632
0.030066459,0,4.650873659,0.04385243,0,0.59882683,0.012290797,0.166870504,0,0,0,1.259422853,3.238061879,2.312108439,0.230934479,10.95948469,4.176316164,0,0,0.051009836,0,0.017272479,0.012069219,0.034850105,0.022902737,0.082822043,0.019343554,0,2.469827983,60.18228282,6.442220715,0.686946771,2.258656183,0.036298188,0,0.096367995,0.024326989,0.021355643,0.14959441,0.244338389,0,0.127866502,0.205789458,0.705562714,0.136693471,0.508352837,0.01750977,0.069578935,0.044070644,0.066147716,0,0.206695609,0.05788473,0.219496452,0,0.525635014,1.287017386,7.783660421,0.3513682,0.569924171,0.095849174,0.200335329,0.424159217,0.555187462,0.217716676,0.392160138,0.089431198,0.26384448,0.190658664,0.465828724,1.375216056,8.244083776,0.58424092,0.005213191,0.101642157,0.133561222,0.040856296,0.331050001,0.486441014,0.147737735,0.071332695,0.252439634,0.131651313,0.524828042,1.35701585,6.860366208,0.451160801,0.154542474,1.088516586,3.21039241,0.441381973,0.369485818,0,0.234372933,0.085731078,0.176528578,0.134295612,0.279649956,0.21985065,0.502959317,0.236706856,0.285519258,0,0.181240967,0.156609834,1.147714957,2.605904743,0.392351387,0.248932467,0.24777029,0.352362199,0.811036948,30.26121671,100,9.110889891,1.184862757,0.416639904,0.227881853,0.620988463,0.226873208,0.603244858,1.517751789,0.50093304,0.37949295,0.311254586,1.489204404,2.637640418,2.692413258,0.51765583,0.261758564,0.184659145,0.642869049,0.290427981,0.430108659,0.415302534,0.499142041,0.445809616,0.244262915,0.638120269,1.838753966,34.30834606,96.48908781,9.867064361,1.095730666,0.173663611,0.124993681,0.199493172,0.142372063,0.239614017,0.148294721,0.269510784,0.682249691,0,0.222623517,0.363990661,0.591062846,0.146868808,0.198258043,0.237992105,0.42402165,0.114057288,0.136471571,0.144742704,0.10372107,0.125837557,0.18044511,0.301744792,0.27615171,4.186592182,12.17112258,1.859215845,0.334848228,0.107389183,0.068637453,0.145431566,0.16681716,0.16245329,0.168956755,0.285578537,0,0,12.57058647,18.78629217,3.088863679,1.130894808,0.396569813,0.326942676,0.385472204,0.204088286,0.481467894,0.701073118,0.245678986,0.069277064,0.385604349,0.198044729,0.143686495,0,0.555283243,0.043105034,0.271983193,0.110193871,0.137691265,0.150613102,0.06887245,0,0,0.034577042,0.059158499,0.150329298,0.046997643,0.221766311,0.276243063,0.423243735,0.288825058,0.065319291,0.090725606,0,0.146166177,0.124599168,0.154573381,0.364036549,0.165955698,0.121281052,0.308848007,0.384628271,1.737426955,0.467790399,0.10357341,0,0.075453321,0.147150517,0.269671518,0.021156246,0.108355074,0,0.078796929,0.208880057,0.027841327,0.206878327,0.304932162,0.070523293,0.026083394,0.060943719,0.070912748,0.012916101,0.074241614,0,0,0.292407568,0.119625469,0.228322101,0.690611662,0.344943111,0.975423491,0.162877025,0.078976938,0.076122993,0.079468707,0.057396141,0.207179811,0,0.052138003,0,0.140695683,0.076301438,0.078770519,0,0,0.042101018,0.206178209
0,0,2.046953321,0,0,0.385748968,0,0,0,0.001007927,0,0.233514304,2.332671796,1.300831758,0.176936387,15.35509918,7.523318236,0.120610516,0,0.015152061,0,0,0,0,0,0.015323476,0.013475061,0.079677544,1.91362954,46.93750123,3.18401094,0,0,0,0.151649653,0.025093305,0.007056877,0.031948382,0.037955632,0.111562945,0.014341587,0.232897791,0.106278423,1.100594338,0.067227626,0.354647936,0,0.039164437,0.043734106,0.078399103,0,0.002194416,0,0.101166576,0.156659167,0.446350291,1.048603418,8.090860013,0.117041962,0.302683791,0,0.143015413,0.364636587,0.379590267,0.098583537,0.187382438,0.117661713,0.144416537,0.054956644,0.346081744,1.945581673,10.2713017,0.670497847,0.0281062,0,0.019352615,0,0.203925854,0.385241247,0.148948261,0.044034611,0.113030753,0.111634541,0.15445226,1.642572714,8.024148099,0.663165343,0.200840426,0.840624502,3.123157257,0.304143926,0.372649346,0,0.191985364,0.104437623,0.085492732,0.101938955,0.168284823,0.194619349,0.567910117,0.117463047,0.089003288,0.047018046,0.031270185,0.080950924,1.044782241,2.98501219,0.461205464,0.138720668,0.062784105,0.02746533,0.781512192,29.34012195,100,9.499005949,0.925525002,0.266107667,0.266037357,0.175230204,0.439342999,0.744684657,1.535194909,0.3329107,0.28505533,0.086567645,1.298294913,2.557793855,2.792162975,0.468556155,0.36361533,0.242899955,0.552839256,0.203360545,0.225449681,0.327117664,0.352931372,0.06295751,0.087641835,0.615921081,1.845735192,31.29054706,90.55960268,10.63405543,0.98311233,0.147534276,0.080348052,0.00517073,0.15132913,0.042159973,0.207566614,0.287457015,0.397001864,0.067661375,0.284153848,0.221535149,0.516765072,0.118814529,0.223409697,0.16863635,0.456507427,0.081091132,0.060534926,0.113963086,0.168703041,0.052439807,0.173148955,0.173276062,0.273175066,3.763197209,12.07219061,1.3707799,0.167747856,0.035989354,0.085987394,0.080127604,0.216190905,0.05875206,0,0.201761562,0,0,6.419879603,10.84220091,1.233890539,0.364288767,0,0.110032802,0.293798677,0.035655909,0.367290847,0.724053744,0.137262855,0.100672404,0.162298782,0.138017803,0.09345917,0,0.58632887,0.263564303,0.082473864,0.071242708,0,0.120934914,0.130546763,0.143946282,0,0.031168876,0.068987,0.061858238,0.108739758,0.065339994,0.289595998,0.308072314,0,0.054866155,0.068934365,0.102793941,0,0,0.229828596,0.308427061,0.08856339,0.078609317,0.244073271,0.293129731,1.289211458,0.381845091,0.142394859,0.123962735,0.040280504,0.069395678,0.180938365,0,0.003318997,0.086983936,0.062366054,0,0,0.117029732,0.233535897,0.151054752,0.023654881,0,0.004951924,0,0.083557866,0,0,0.125688122,0,0.030543085,0.627549599,0.317475632,0.855182189,0.252450201,0.069081645,0,0.031794434,0,0.140661235,0,0,0.133903157,0.000743962,0.057601851,0.025480556,0.132060411,0.128051788,0.092346397,0.125226343
0,0.034950249,2.061044133,0.043545774,0,0.697632109,0,0.408794476,0,0.022189018,0,0.814935957,3.564383799,2.238583143,0.310643567,14.03738175,14.45958318,0.080308997,0,0,0.001636403,0,0.022408598,0,0,0.02475787,0,0.077670179,2.832609385,76.6733164,4.62410983,1.140830938,4.5030104,0.099069343,0.228725275,0.02994889,0,0.049368418,0.041130478,0.080228232,0.019455735,0.358559817,0.147303976,1.386565183,0.095572583,0.717261813,0.032944402,0,0.034930604,0,0,0.035239128,0.030191381,0.343233341,0.115260127,0.175012901,0.974823879,9.831813496,0.555702233,0.71694014,0.057993992,0.15982129,0.304667431,0.33392588,0.107910215,0.251461178,0.124966623,0.208147269,0.02624899,0.342980821,1.780593153,10.47157869,0.809241886,0.139979934,0,0.023204946,0.058122949,0.311528655,0.50810864,0.039677993,0.075565367,0.244280243,0.006638218,0.290950255,1.317958935,7.468258482,0.521422571,0.156987882,1.095255806,4.4358777,0.539695984,0.61984966,0.09629228,0.277513708,0.170886346,0.175389599,0.009534668,0.327533454,0.094110366,0.423977436,0.097682392,0.317293753,0.044662447,0,0,1.427859427,2.852185385,0.64189547,0.219393175,0.250746918,0.422420596,0.960346474,27.17741197,100,9.142933639,0.973154452,0.50256636,0.252138721,0.859654466,0.287250373,0.810494398,1.587712749,0.339572597,0.487682745,0.222504953,2.084235279,3.446987652,3.367575757,0.684644242,0.233850096,0.330404109,0.403053146,0.359175515,0.261967676,0.452009056,0.58647623,0.401450155,0.358587672,0.566734295,2.128455384,34.47290457,99.80915999,11.43598095,1.089146535,0.155205243,0.171195511,0.064143352,0.090672933,0.147305351,0.206165035,0.307744595,0.189990244,0.496415514,0.211607108,0.522446327,0.704854525,0.111859915,0.314576554,0.042149677,0.318991245,0.113804084,0.093548292,0,0.039635897,0.145421597,0.176109988,0.286639378,0.05534566,4.521031537,14.98165655,1.675423182,0.393726322,0.050852668,0.138151185,0.145461228,0.234354657,0.070949287,0,0,0,0,15.89599088,29.37302271,3.517938483,1.406303478,0.360991268,0.141598241,0.170465911,0.016402872,0.091873587,0.233129913,0.138588916,0.197443991,0.456129997,0.345132158,0.003120468,0.414698072,1.367515199,0.179625463,0.112826321,0.395857669,0.244004685,0.062659699,0.164260104,0.065243964,0.073212815,0.058544471,0.106365877,0.171181254,0.287944118,0.048697338,0.348615054,0.18304617,0.173022544,0.164381093,0.05174815,0,0,0.132155231,0.104993978,0.049459808,0.083762672,0,0.298689411,0.517667294,2.309549585,0.515186734,0.020347082,0.007412722,0,0.111849277,0.161932072,0.081919188,0.15053056,0.029191984,0.095786935,0.073004593,0.088461966,0,0.469644082,0.179359924,0.104090328,0.109211633,0.034105754,0,0.104064932,0.038949838,0,0.065764455,0.354935755,0.540870285,0.585717092,0.602744497,1.550890326,0.502494059,0.131924843,0,0.007251758,0,0.19210178,0.083996786,0,0.048851927,0.115472971,0.060166704,0.057839659,0.027433438,0.032395254,0.131094747,0.123003839
0,0.071956638,1.808004956,0,0,0.368471925,0,0.07299926,0,0,0,0.570907611,2.009632949,1.378070405,0.234578765,11.35109722,7.804252102,0,0,0,0,0,0,0,0,0,0,0,2.991503214,61.74602941,0.763405069,0,3.636979828,0,0,0,0,0,0,0,0,0.126254112,0,1.2178061,0,0.166060933,0,0.030482003,0,0,0,0,0,0.183694496,0.013784295,0.02111786,0.931334565,9.306439453,0.221234169,0.167013451,0,0,0.294015182,0.191739242,0,0,0,0,0,0.235500075,1.611743152,10.04388284,0.472636566,0,0,0,0,0.07753002,0.475467921,0.062584166,0.063690754,0.018986352,0.00067075,0.071585899,1.151154112,7.855996409,0.217922012,0,1.08998455,3.222849516,0.322655093,0.242240678,0.158775859,0.086353286,0,0.148222544,0.002944431,0,0.043553297,0.354569745,0.013354833,0.095985948,0,0,0,1.136559323,2.223337244,0.331384915,0.125612955,0,0,0.33333832,26.75610381,100,9.128763285,0.679910292,0,0.429260463,0.610090135,0.58672143,0.393908102,0.88461699,0.561415849,0,0.164374588,0.703116169,1.678193211,2.945555117,0.677609368,0.063729787,0.132133556,0.279996065,0.233876944,0.379970616,0.024518613,0.343974064,0.648582362,0.109059735,0.613301734,1.514662142,31.03951865,98.87674002,9.99368501,1.33795625,0,0,0,0,0,0,0.278562039,0,0,0,0,0.835370202,0,0.203403803,0,0.195924848,0,0,0,0,0.150738207,0,0,0,4.483280847,13.87912844,1.83900183,0.079984457,0,0,0,0.107008645,0.044378439,0.052514212,0,0,0,2.3650644,7.069985169,2.107327696,0.920349124,0.292822346,0,0.050679569,0,0.20330361,0.338177779,0.074624916,0,0,0,0,0,0.534583687,0,0,0,0,0,0,0,0,0,0,0.160447484,0,0,0.545056399,0,0,0,0,0,0,0,0.06635358,0.237406477,0,0.141178925,0.247781684,0.438293772,2.118288937,0,0,0,0,0,0,0,0.060262616,0,0.012641339,0.001856891,0,0.15721197,0.363947285,0.167747093,0,0.011186916,0,0,0,0,0,0.16079159,0.145630021,0.394485041,0.583854129,0,1.138874116,0.418175882,0,0,0,0.021437496,0,0,0,0.097310494,0.060147589,0,0.011858118,0,0,0,0.023664538
0,0,0,0,0,0.273829788,0,0.247870563,0,0,0,0,5.161036113,0,0,10.55950532,34.13934015,0,0,0,0,0,0,0,0,0,0,0,4.222708817,100,0,1.982049956,15.62273539,0.11347772,0,0.090796741,0,0,0,0,0,0,0.295688384,2.335576822,0.162184281,1.456311136,0,0,0,0,0,0,0,0.307424356,0,0,1.698925737,17.85254024,0.390868272,1.935078171,0,0,0.356114869,0.094198791,0.102165993,0,0.116182519,0,0,0.045508473,2.447859049,16.70870451,1.080106478,0,0,0,0.067652848,0.411287189,0.650958619,0,0,0.377572078,0,0.484376897,1.555584233,7.732522331,0.445217269,0,2.213720546,7.825125253,0.551089436,0.610493494,0,0.114101954,0,0,0,0.500726527,0.15730041,0.568069396,0.155970845,0.063985696,0,0.389146622,0,2.033935402,4.43366496,0.774474223,0.104362411,0.30757875,0,0,25.98181938,84.96756619,7.883793459,0.796901368,0.707692069,0,1.802818662,0.766461997,1.454270521,1.548244556,0.829134068,0,0,1.559729205,3.60840539,2.144031782,1.018367521,0.59746407,0,0.036403003,0.060717341,0.390874793,0.503492452,0.431431333,0.413790546,0.302992907,0.415447648,0.998853076,23.36015024,65.91156936,6.808918091,0.802773522,0,0.138105547,0,0.407531417,0,0.152253004,0.305935087,0,0,0,0,0,0,0.127843003,0,0,0,0,0.240727289,0.429301833,0,0,0,0,2.526924549,7.292464818,0.702739972,0.323543759,0.105531519,0,0.21987587,0.063284682,0.18243094,0,0,0,0,5.35055795,1.529962872,3.067177513,0,0.17236146,0.175672996,0,0,0,0.772361832,0,0.161251375,0,0,0,0,0.395286944,0,0,0,0,0.186026057,0,0,0,0,0.007009254,0,0,0.29497879,0,0,0,0.367882123,0,0.078806276,0,0,0,0.320366421,0,0.0300193,0.059145157,0.386456326,0.54743573,0.394412816,0.240364859,0,0,0.301070442,0,0,0,0.123859761,0,0.013791577,0,0.142669976,0.288893898,0,0.140293681,0,0,0,0.060727828,0,0.156000118,0,0.264839058,0,0,0.267219704,1.251384158,0,0.118907945,0,0.016424523,0.035243302,0,0,0,0,0,0,0,0,0.230180538,0,0
0,0.081190064,6.718668345,0.065708184,0.085769093,0.996464638,0,0.297693755,0,0,0,2.258691255,4.748545048,3.951349656,0.336084631,13.54897815,12.22811053,0.09342834,0.637437203,0,0.034571967,0,0,0.023206447,0,0.056050494,0.046212562,0,4.037410557,71.22207024,16.11086305,0,0,0,0,0,0.048712514,0.054889869,0.039345946,0.441102582,0.062002781,0.038518659,0.140674201,1.3831734,0.125598908,0.888307819,0,0.016808653,0.014948539,0.105045634,0,0.10614391,0.05028228,0.218938736,0.157856111,1.032400694,2.267362979,12.79427478,0.709758029,0.657496113,0.059914498,0.304058382,0.365767656,0.353169701,0.127127138,0.330314938,0.122140723,0.244238182,0.186457631,0.31145166,3.335932674,15.37275527,0.889045371,0.099930137,0,0,0.071820286,0.144866666,0.399816412,0.12871767,0.150704916,0.212872196,0.190956011,0.266604226,2.1990021,7.596112715,0.631356926,0.093955565,2.368019962,6.642746917,0.559124794,0.377706513,0.182934888,0.150948456,0.074070997,0.270948456,0.189801274,0.162857504,0.265257092,0.62637714,0.134685676,0.288343117,0.063955835,0.14576999,0.345993514,1.853865281,2.960186833,0.461829699,0.285344657,0.253835046,0.385340055,1.340425135,36.68726606,100,9.321266624,1.210078273,0.553334128,0.818907645,0.808851681,0.513224455,1.135283429,1.937060764,0.536512271,0.403186571,0.282537783,2.465066138,4.622480219,4.054119753,0.62743334,0.399296919,0.295214072,0.645230092,0.482464921,0.420083647,0.508483059,0.536386533,0.514679248,0.2656768,0.748144532,1.141659536,32.14028178,72.17829087,8.197115253,0.727299436,0.116257018,0.138643637,0.0592686,0.165741686,0.192235598,0.232723179,0.514303755,0.768796503,0.482800565,0.465804136,0.948548654,0.651550353,0.106775649,0.142487407,0.284781759,1.064334494,0.22770219,0.10251043,0.115488044,0.133630905,0.194277829,0.221542558,0.173273684,0.353758948,3.124314385,6.967687174,0.915761302,0.19030033,0.068677589,0.02795315,0.120860483,0.179986218,0.010540995,0.242887642,0.349104355,2.032027275,2.00594137,21.09315748,28.41496946,4.551683381,1.257721584,0.236450735,0.255598987,0.446476613,0.2163401,0.582074964,0.771506998,0.172884002,0.323971522,0.689808408,0.40462728,0.159561037,0.605098092,0.570103965,0.27218546,0.136941715,0.270535339,0.22225309,0.067767341,0.072288819,0.083060472,0.087162191,0.140959057,0.17817435,0.123302234,0.22269325,0.2565279,0.341337857,0.514798083,0.396097706,0.106493373,0.025653996,0.024193659,0.152532256,0.16172379,0.090630749,0.239668301,0.067289399,0.129919429,0.171309112,0.606182205,1.341345811,0.201456288,0.057737998,0.094571715,0.405702565,0,0.459567612,0.429162888,0.166951333,0,0.076118211,0.075105736,0.010501678,0.192307381,0.292090548,0.081486532,0.139350304,0.040525635,0.034571687,0.081638357,0.047607349,0.117976506,0,0.408489778,0.302971144,0.963616877,1.254436341,0.36641688,0.973115391,0.248381629,0.087464537,0,0,0.060887115,0.598674686,0.299006093,0,0.137706158,0.074805287,0.024998904,0.052093107,0,0.096461254,0.077380288,0.037717361
0.032388043,0,3.315897819,0,0.163939848,1.295008189,0.124321085,0.720213817,0.148945021,0.070911831,0.096021549,0,3.979772907,0.394394305,0.384738368,9.993407142,21.88647898,0.335848607,0,0.152101808,0.158445352,0.168686655,0.143313894,0.160235746,0.16825504,0.191450867,0.148188433,0.247444753,3.223357351,59.52036811,0,1.553952395,13.34057907,0.288739462,0.621897504,0.192948044,0.16730192,0.015172859,0.193007167,0,0.298888434,0.399073918,0.268892651,1.338435514,0.240046776,1.033239449,0.178753462,0.36890881,0.236724954,0.342052947,0.181308551,0.293925213,0.092898786,0.600942458,0.110000724,0,1.901924264,13.43135785,1.039210798,1.16313566,0.162659073,0.336176244,0,0.816898195,0.257071758,0.370340059,0.332399328,0.398878976,0.422076714,0.666855633,2.862568944,14.09607438,0.848034909,0.336789574,0.225733102,0.238086364,0.26942023,0.477109358,0.633753878,0.320721933,0.266304704,0.363018305,0.278235361,0.376044897,2.222514388,7.390599383,0.778595722,0.369963249,1.870637339,6.154389224,0.782625835,0.290331112,0.227631844,0.265562551,0.235877892,0.457281899,0.275121038,0.267634091,0.393000764,0.760484884,0.29498685,0.412433507,0.261552804,0.189788218,0.247954995,1.784498504,2.59904532,0.637309364,0.179500326,0.357485708,0.617345775,0.888899302,34.40246333,100,9.534848101,1.301938398,0.50987616,0.821334247,1.114138292,0.632506037,1.209424932,1.735502489,0.784824671,0.467298702,0.3620819,1.883486471,3.618232246,3.549084146,0.667642758,0.273433231,0.545630707,0.48629357,0.415899224,0.566885668,0.514967252,0.683908839,0.493275271,0.300922269,0.613870739,0.947230222,30.28926477,77.05003024,8.511105121,0.975187602,0.191261917,0.260335268,0.170040562,0.234471042,0.240508642,0.511443971,0.638979717,0.332685785,0.017741196,0,0.36690187,0.762989232,0.273380508,0.216978509,0.383510292,0.772633705,0.06957048,0.195876291,0.032982193,0.31625596,0.305879203,0.420179028,0,0.391652428,3.952130908,8.698884451,1.346054239,0.385591324,0.175752298,0.216866941,0.266080514,0.380117095,0.158240462,0.213349272,0.264467578,0,0,13.0696761,21.60545153,3.074634941,1.554352533,0.406893945,0.364877635,0.366352133,0.370015243,0.790467754,0.891509346,0.364035092,0.441889414,0.729087724,0.351656082,0.15855037,0.102078709,0.726408838,0.065604328,0.283418319,0.436355166,0.260644632,0.111868258,0.269693302,0.131838433,0.257699247,0.245555281,0.213204871,0.211696575,0.288811466,0.507317177,0.484500864,0,0.398042483,0.194802592,0.191285877,0.276229165,0.354707155,0.344638287,0.368417181,0.56054726,0.240791361,0.201963383,0.339010066,0.628093569,1.355904402,0.373408906,0.268833233,0.191347664,0.178760704,0.23426614,0.376003218,0.41907409,0.211500474,0.307788835,0.173603509,0.252423561,0.230900208,0.217975505,0.353237404,0.315989364,0.293879332,0.164553122,0,0.242136705,0.271331664,0.180986806,0.257819524,0.260828212,0.264307158,0,0.056217098,0.52392712,1.426041898,0.430534179,0.169201094,0.137901373,0.15750693,0.171682755,0,0.4800876,0.043654823,0.243857327,0.283075303,0.197750423,0.132571058,0,0.244588023,0.130634542,0.228205068
0,0.052295171,13.07923218,0,0,0.753302496,0,0.560089354,0,0,0,2.722027718,6.968152865,7.702521301,0.156034753,11.4213695,25.93232222,0.113450184,0,0,0,0.02318845,0,0,0,0.016239262,0,0.115714544,3.41426595,70.8231889,0,2.532117732,11.7735968,0.093995202,0.212755953,0.087401029,0.114743289,0,0.003436191,0.203015643,0,0.504584998,0.271976166,1.447239043,0.214647571,1.427761928,0.029615769,0.005716086,0,0.004163588,0,0,0.058498203,0.578213219,0.084172636,0.459846209,1.491960763,10.36200434,0.826232847,1.423862717,0.026606499,0.378302421,0.713790104,1.093691191,0.252027207,0.406445641,0.328611917,0.470112527,0.440037354,0.365242572,2.03913549,9.407647059,0.671897656,0.227495815,0.048468395,0.061919842,0.062691519,0.665352042,0.787837457,0.199019817,0,0.235043701,0,0.376258863,1.267178786,6.000560371,0.288037756,0.261612137,2.267483266,9.261742647,0.643606963,0.557427123,0.239971749,0.09488633,0.306199001,0.334823543,0.233427558,0.544128763,0.186327245,0.519283787,0.052446536,0.223801163,0.050857768,0.151850289,0.141379132,1.80329546,3.506787468,0.790248137,0.406148707,0.274726001,0.04051012,0.43937015,33.52155647,100,8.669620527,1.304680956,0.09017966,0.279056752,1.471875084,0.609211952,1.401783478,2.226782758,0.469242981,0.629624749,0.267321063,3.47127565,5.320875133,3.346873818,0.870249859,0.475975203,0,0.74855593,0.476478242,0.656873788,0.583051591,0.493007659,0.144155998,0.489608923,0.537980924,1.625604274,40.67166084,97.06399775,10.64188158,0.914181445,0.023036937,0.066596183,0.171608578,0.424062405,0.113146284,0.436863228,0.598811843,0.067159439,0,0,0,0.342314374,0.216717327,0.272933086,0.243653309,0.412183001,0.111160674,0,0,0.322877265,0.312402986,0.35909563,0.11143011,0.475758312,4.536127247,11.1212319,1.302951709,0.173090577,0.068641709,0,0,0.02858274,0.136297371,0.146286788,0,0,0,30.88491007,43.36339124,6.59458144,2.215792812,0.64494945,0.005016868,0.320802313,0.235905567,0.478919401,0.88784749,0.146645634,0.455091975,0.344049614,0.027236811,0,0,0.755631311,0.546338362,0.254496572,0.470196635,0.456477767,0.198412072,0.376304364,0.160483339,0.024351732,0,0.069542306,0.139277785,0.116539421,0.256458665,0.153447385,0.332587635,0,0.016291923,0.138707985,0.202517658,0.303664761,0.057470521,0.402215427,0.0091489,0.371948177,0.107522366,0.145544186,1.067847425,1.893960805,0.427371265,0.145134683,0,0.678949728,0.004651412,0.021657754,0.285892798,0.192837655,0.113073761,0.07880964,0.006495497,0.174780407,0.222872193,0.4258654,0.151717099,0,0,0,0.048306656,0,0.058267444,0,0.14183191,0.302496352,1.339194101,1.215359672,0.421331658,1.381263449,0.597383853,0,0,0,0,0.31469969,0,0.091651286,0,0.17825185,0,0,0.107885559,0,0,0.121711971
0,0,6.780899387,0,0.193149352,1.588380093,0,0.875747932,0,0,0.025134293,4.126290426,7.372338102,8.481217256,0.257359772,12.74664309,22.23737714,0,0,0.009114807,0,0.048624443,0,0,0,0.076330923,0.094503604,0.318389798,5.114788834,100,13.83647757,0.963636631,3.167400075,0.167828337,0,0.172608778,0,0.143897377,0.087269677,0.303006932,0.05293305,0.048394846,0.310657978,1.932701056,0.104497175,1.084770982,0.043856442,0.155106757,0.056133682,0.253080774,0.028106768,0,0.030074059,0.510111334,0.331874011,1.906994569,1.886189062,16.1314916,0.954505851,1.076515609,0.033715725,0.297350564,0.708760199,0.584225513,0.102617937,0.079678043,0.231499429,0,0.057878585,0.170052775,2.447434145,13.49924848,0.836606302,0.293505477,0.225562843,0.106588278,0.205163491,0.596299706,0.546530386,0.426253284,0.386696022,0.430385248,0,0.503803024,1.89439813,6.631185827,0.530310322,0.211325863,3.769348915,8.956549504,0.769630497,0.67380248,0.318907352,0.052300327,0.110971448,0.344271663,0.104529335,0.310709126,0.223881896,0.715909224,0.269984716,0.444112458,0,0.221427524,0.560745618,1.372646686,2.898447056,0.486587019,0.022429048,0.547136317,0,1.215704789,33.67897122,98.83392176,9.567412003,1.530306544,0.746942564,0.910971375,1.909218488,0.601548102,1.020668382,1.606812911,0.488253601,0.667161953,0.484542009,2.887828357,3.774276836,3.742909658,0.690933987,0.605846198,0.355960505,0.419200702,0.529629316,0.361195796,0.506459178,0.795231208,0.95209964,0.578896042,0.734780106,1.414100241,39.78258117,98.17541525,11.45102853,1.52659963,0.098444752,0.144279416,0.206657934,0.204052276,0.235921063,0.075723643,0.972136395,0.1906659,0.084413017,0.066574067,0.722738936,0.92819678,0,0.403770864,0.276423398,0.459767333,0.333087962,0.181989813,0.310697277,0.447313155,0.159443053,0.607682651,0,0.409358209,5.064943114,12.43261753,1.814750255,0.169924727,0.121126139,0,0.302377627,0.259807182,0.304102881,0.406567297,0.074664644,0.456107346,0,34.1708877,54.25064287,7.667743428,3.226356509,0.417396323,0.626611343,0.331930486,0.053317425,0.638259102,0.406514522,0.06624069,0.204615149,0.494572075,0.30236199,0,0,1.264721647,0.577863844,0.239239187,0.525483662,0.348312899,0.147742808,0.220063073,0.318136569,0.040721804,0.232511071,0.305232459,0,0,0.271154036,0.206644815,0.407248366,0.978847473,0,0.388947301,0,0.330664363,0.162508675,0.294582069,0.472845486,0.162338429,0.039526394,0.249915811,1.194093055,2.478342742,0.574883523,0.349487233,0.119190675,0.098926291,0.050959634,0.415825633,0.951445879,0.154199444,0,0.103762566,0,0.375689023,0.009217558,0.665810766,0.379200902,0.355984537,0.195652426,0.024602313,0,0.173838709,0,0,0.427121532,0.237036602,0.951465195,0.379526614,0.684905701,1.029268161,0.356518662,0.089574929,0,0,0.056760957,0.551675515,0.27021977,0.06400181,0.327512911,0.382291102,0.150571438,0.077527033,0,0.142299207,0.581969824,0.104611602
0,0,9.588804887,0,0.04156461,2.305388985,0.025757988,0.827049416,0.029865481,0,0,1.800325374,6.038824915,6.522425418,0.360398499,13.83327039,15.58184604,0.095160993,0,0,0.011509469,0,0,0,0.014102451,0.027169534,0,0.148092516,5.231177304,100,0,0.314497109,0.425368053,0.161064972,0.12399231,0.027321543,0,0.098758614,0.027275163,0.441191336,0.059687515,0.517008991,0.609186562,2.32188618,0.342175113,1.13656963,0.01130589,0.083630515,0.068042369,0.08975004,0.008671522,0.296224018,0.223792485,0.348431542,0.278629675,1.212225181,2.814407763,14.76118046,0.411035877,1.73967258,0.208396767,0.247351378,0.602096893,0.74670422,0.384722531,0.51303703,0.176047904,0.197101263,0.446305227,0.412491682,2.500634348,11.71502888,0.698678125,0,0,0,0.123415425,0.065420461,0.413133389,0.103867232,0,0,0,0.34420312,1.846809439,6.638738248,0.366845684,0.220181196,1.676841944,5.795665243,0.702775365,0.875896027,0.143213486,0.245678207,0.310557602,0.444976777,0.113146378,0.186350437,0.064581393,0.431643851,0.195927046,0.243096914,0.074069678,0.30815626,0.177655008,1.281734404,2.196225761,0.726408935,0,0,0,1.606502873,35.00092917,89.00624198,7.573908729,1.347782751,0.982399619,1.11528322,0.814646763,0.51316779,1.048310912,0.81862811,0.2568006,0.74404147,0.309220807,2.249764571,3.642660285,6.045610013,0.746722912,0,0.420278964,0.777873577,0.460251273,0.681366495,0.664742291,0.908275223,0.846017815,0,0.934673113,1.501685424,43.23496243,86.66663406,9.911584742,1.663851681,0.138838836,0.261516174,0.249843643,0.56920402,0.210905817,0.151001159,0.62811467,0.213979539,0,0,0.522328066,0.260695336,0.476684612,0.371284917,0.277260442,0.287989283,0.30165713,0.237449187,0,0.34179584,0.196823009,0.389228005,0.428567176,0.619909987,5.750403925,11.57757745,1.451815924,0.566159895,0,0.151955672,0.29138184,0.461976034,0.19363213,0.408385351,0.217137056,0,0,39.28673178,51.69657164,7.133703494,1.077447443,0.399608609,0.27799524,0,0.199186123,0.468473283,0.958475283,0.187138714,0.807840687,0.81068137,0.791102887,0.559867074,0.589028933,0.956638611,0.574664977,0.027035817,0.115153258,0.545747871,0.335631108,0.447631143,0.095840218,0,0.223578666,0,0.351158392,0.131014598,0.642213633,0.591233537,0.452401171,0.249402024,0.159195428,0.02905174,0,0,0.107111144,0.614172089,0.377005644,0.246232891,0.214511614,0.400652358,1.28877558,2.136476223,0.153149747,0.050067478,0.776599738,0.050697111,0,0,0,0,0,0.124487241,0.187356044,0.021549022,0.42253286,0.254727312,0.251603564,0.033576529,0,0.102872672,0.096550405,0,0,0,0.483998298,0,1.605998709,1.024211931,0.284277212,0.970909831,0.402700562,0.059595042,0.031782637,0.039090221,0,0.230250517,0,0,0.466076342,0.187045337,0,0.078956284,0,0,0.322857277,0.374751035
0,0,8.191981831,0,0,0.976897093,0,0.346532138,0,0,0,2.134716166,5.747369308,3.903733507,0.309777893,15.60225612,10.62691807,0.009901393,0,0,0,0,0,0,0,0.020442093,0,0.00080959,4.938592402,100,5.47991429,0,0,0,0.415885867,0,0,0.023051301,0.092448003,0.45059626,0,0.162821206,0.232554999,2.041217768,0.072149103,0.806837674,0,0,0,0.052025117,0,0.006939001,0.154057806,0.313030477,0.191516088,1.358306154,2.594799465,14.45227332,0.571935326,1.130748357,0,0.276749959,0.445583249,0.432957799,0.151041759,0.110806386,0.017798798,0.293141023,0.337519731,0.203346242,2.320822937,12.43877014,0.360370893,0,0,0,0.075719744,0.416828698,0.382465081,0.121237851,0.084982306,0.405079052,0.149440999,0.50932058,2.396668526,8.005844228,0.120695093,0.226169097,2.06095747,5.696377181,0.483234453,0.402859174,0.103728668,0.193186078,0.093975201,0.294075363,0.138404414,0.371708413,0.080291663,0.458407624,0.172426727,0.355763798,0.046190993,0.029975769,0,1.563988876,2.007991883,0.401950599,0.343282846,0.487648554,0.311227553,0.558268705,31.47196758,84.92617516,8.073946651,1.282822631,0.348531044,0.682373313,1.335881901,0.754272455,0.95013556,1.264571371,0.547267507,0.54301257,0.250303726,2.357460007,4.383109685,4.215585032,0.582832937,0.213340007,0.144015871,0.376279699,0.199973913,0.271534348,0.556272077,0.687110419,0.40813715,0.397075455,0.588810147,1.365868009,32.91885009,74.6676358,8.337234084,0.930991649,0.141610299,0,0.14006192,0.291657184,0.216213354,0.203937651,0.630995798,0.243088894,0,0.408204047,0.162880665,0.633713174,0.157755382,0.276679962,0.125244605,0.565029218,0,0.101407752,0.045380993,0.016896969,0,0.113363028,0.40965594,0.318188812,4.023429692,8.117793836,1.512341056,0.54991163,0.03490568,0,0.018323539,0.310645363,0.095656801,0.239919587,0.248354646,0,0,28.6659414,40.50900967,6.179761089,1.828225854,0.472017787,0.106017787,0.200097738,0.004735743,0.492179049,0.660236083,0,0.218543655,0.372903339,0.388647669,0.142333012,0.266316215,0.845343537,0.268130313,0.064959904,0,0.06601698,0.073675145,0.27522085,0,0.173562322,0.088375071,0.107943019,0,0.16723329,0.434891727,0.616019055,0.343337511,0.448605994,0.094616693,0.025319474,0.140295378,0.05943368,0,0.053518824,0.250355921,0.156301483,0.225104222,0,0.967568105,2.486483701,0.30775334,0.174211773,0.401977855,0.128799769,0.022233454,0,0.40020897,0.032366059,0,0.049013274,0.06342201,0,0.185121563,0.360778219,0.140966202,0,0,0,0.04813226,0,0,0.254901668,0.377113465,0.210282325,1.265448082,0.336112059,0.370957087,1.542923298,0.044632146,0,0.057476256,0,0.012279255,0.444071021,0,0,0.22066262,0.05657665,0,0.002541974,0.223733393,0,0.047977686,0.147284344
0,0,8.853057429,0,0,1.442417082,0.001725238,0.369849416,0,0,0,1.339573664,6.025873979,5.260138626,0.238063536,19.40856583,13.13709968,0.063654938,0,0,0.014293809,0,0,0,0,0,0,0.121057727,4.534526873,91.62087022,6.801188658,0.265045742,0,0,0.230644217,0,0,0.032985153,0.004579181,0.454851929,0.038605769,0.015741811,0.061500652,2.169539616,0.170466431,1.219691017,0,0,0,0,0,0.122069517,0.039614137,0.589919083,0.088756742,0.953299471,1.838791456,13.39453926,0.30309229,1.541577097,0,0.467909048,0.350541689,0.650466252,0.3095151,0.188623009,0.055913821,0,0.481696628,0.240700987,2.106541932,11.51714549,0.626491605,0.043552656,0,0,0.053347283,0.356553237,0.506115178,0.386539365,0,0.091733562,0.140361142,0.071084297,1.914697636,6.625135456,0.377101952,0,1.960824745,6.857211659,0.802073664,0.408278283,0.052125443,0.385784717,0.07110351,0.279848373,0.224922711,0.099735531,0.293183241,0.131653826,0.194365605,0.023489258,0.076940354,0.113198327,0.213270631,1.255360038,2.274135744,0.797713178,0,0.378654544,0.418189093,0.156358208,34.66612205,100,9.7897696,1.200421951,0.417801155,1.205192184,1.217353045,0.914220629,1.20118417,1.265859449,0.427378204,0,0.357243808,2.231438653,4.960063632,4.542432043,0.576063231,0.31220145,0.283726997,0.457167329,0.340960703,0.163408812,0.302396739,0.660442437,0.525527613,0.602327506,0.682361943,1.757421147,38.95656568,98.86986759,10.68701476,1.338078001,0.017438479,0.079942161,0.064811981,0.058970319,0,0.350937123,0.577026751,0,0.380900442,0.515468804,0.449359358,0.365876059,0.272789582,0.569196082,0.205303586,0.269602714,0.171105319,0.117249923,0.121743765,0.365552689,0.035673788,0.093117304,0.763993181,0.376412788,4.821986762,12.47329182,1.435712464,0.134957074,0,0,0.067889334,0.2091161,0.142231133,0.434637996,0,0,0.012321421,31.038461,45.83897311,6.897531952,2.943402584,0.686865107,0.263058785,0.148740272,0.056526033,0.42276003,0.816531067,0.191872029,0.22259338,0.221385526,0.325652103,0.126410923,0.066669596,1.547644069,0.755926765,0.156174088,0.176916354,0.219265478,0.024116523,0.174463262,0,0.085514333,0,0,0,0,0.332956399,0.60208161,0.300348198,0.119624809,0.012110043,0.088316136,0.199149114,0.155296482,0.043502374,0.144978503,0.585053016,0.059702081,0.004561236,0.194667787,1.214749336,2.443536209,0.446025276,0.206619163,0.645889696,0.186953771,0.149658703,0.695825739,0.154560613,0.067265103,0.015520506,0,0,0.151832668,0,0.31098031,0.12760705,0.137659893,0,0.012396914,0,0.010508995,0.210793477,0.22218519,0.24818516,0.401984606,0.554865381,0.886125316,0.589983117,1.40250845,0,0,0.028512443,0.003542821,0,0.363118262,0.031273678,0.043458841,0.092555635,0.197528127,0,0,0,0.353805976,0.214242122,0.149329578
0,0,9.786866553,0,0,0.57491947,0.023671347,0.466523085,0,0,0,1.548561596,4.787828843,4.526775934,0.4511218,15.81975838,14.7801138,0.308844293,0,0.033809487,0,0,0,0,0.011018442,0.058562478,0,0.045802598,3.673811863,83.3206877,9.882106554,1.304254745,2.867565913,0.008359512,0.092502822,0.072720411,0.050670233,0.023074878,0.040455794,0.372151071,0.043865757,0.261918419,0.252317089,1.789347376,0.201866625,0.79315558,0,0.066057376,0,0,0,0.032891013,0.117482352,0.623955944,0.198835298,1.061278694,1.552841185,12.12619415,0.929995239,1.144433437,0.097381215,0.363653277,0.418086086,0.764807272,0.2552398,0.270273121,0.321778588,0.201626943,0.307423119,0.535432463,1.752770269,9.683781892,0.7089221,0.189042977,0,0.098308317,0.072716532,0.276427106,0.523122467,0.242664848,0.205542285,0.286293218,0.187151916,0.417140423,1.827051445,6.36571921,0.413786859,0.197739402,1.776394288,4.013716937,0.433988395,0.5448528,0.047438208,0.239113665,0.284153929,0.313089559,0.334534557,0.165594955,0.219236083,0.660839952,0.197445298,0.246486841,0.118781078,0.08487185,0.180708414,1.07328367,1.91445286,0.536047323,0.143193646,0.182064992,0.531837973,1.407300364,30.63705502,94.33962232,8.895776013,1.162951493,0.36898059,0.581615124,0.948330346,0.377970401,0.954269434,1.389486702,0.341009892,0.596720285,0.288966599,1.967975112,4.110289923,3.487091672,0.862089887,0.29159469,0.211766597,0.452579004,0.447538376,0.572120717,0.389670021,0.787035036,0.456723935,0.419975137,0.693290089,1.557087544,38.50851182,100,10.83853832,0.845073742,0.278770283,0,0.167811424,0.23336526,0.097912805,0.181584795,0.054773555,0.736503519,0,0.218539631,0.576038399,0.706158598,0.20099856,0.092744821,0.088363751,0.312460984,0.338029189,0.17894146,0.170333653,0.24972029,0.073562717,0.09954786,0.252637167,0.425632424,4.787736766,12.2370601,1.763024856,0.474857391,0.062185033,0.056333066,0.070901309,0.258850531,0.137589096,0.349308186,0.358922887,1.482711172,1.064000422,28.13448783,39.3458258,5.017330865,1.688783411,0.307643592,0.302937963,0.228894002,0.156170848,0.441591231,0.980785292,0.466165574,0.201953383,0.417495887,0.158406035,0.078880024,0.323491118,0.742199557,0.24114984,0.252340834,0.220099343,0.212507187,0.11809032,0.247211319,0.163791511,0,0.090863456,0.143522665,0.274989197,0.105399594,0.284725295,0.656669229,0.359097913,0.234941125,0.100749054,0.108335809,0.237656968,0.170727991,0.044871687,0.413792148,0.877650525,0.150975963,0.184270118,0.292821919,1.045051487,2.724792931,0.441398906,0.180943264,0.371235731,0.422025948,0,0.052768746,0.044267586,0.119463593,0.150901722,0.032911319,0.03936946,0.127757043,0.167440738,0.533341556,0.084214351,0.141261499,0.102530152,0.063683967,0.115144757,0.003049866,0.186296553,0.090697542,0.387313125,0.150284161,0.418469421,0.428558206,0.612568172,1.090979344,0.364111277,0.059284554,0,0.043624037,0.000449182,0.382418902,0.384086037,0.089208228,0.230128848,0,0.074733709,0,0.114753177,0,0.231273018,0.157686949
0.054417978,0,3.771295298,0.016640593,0.040307233,0,0.009165228,0.466877763,0,0.000666614,0,0.686284643,3.532566504,1.880397556,0.317400339,14.22418494,12.12934189,0.171660675,0,0,0.050253133,0.030645985,0.020661923,0.038927746,0.031163808,0.113405667,0.042939608,0.145044697,2.497056959,58.11905895,4.881839505,0.871583692,2.889347412,0,0.178829758,0,0.021657847,0.061611473,0.066059541,0.211008037,0.10308761,0.369083203,0.285308638,1.450573842,0.210225549,0.721615671,0.060541558,0.136868913,0.050027546,0.055965683,0.154320616,0,0.093866618,0.373020349,0.187375951,0.679982429,1.513725164,12.24164869,0.573404949,0.889636027,0.116164045,0.301714056,0.159259951,0.374226258,0.167548867,0.212518093,0.14421296,0.297525273,0.167809838,0.273897822,2.055591649,12.19949416,0.57215304,0.05230059,0.032321281,0.066695656,0.068216587,0.29714183,0.407551949,0.16711683,0.044553999,0.06953313,0.17032291,0.452365432,2.010705826,8.746624349,0.710132191,0.176457132,0.799965749,3.205335603,0.431784727,0.402189036,0.179054002,0.177228952,0.20729889,0.282156043,0,0.281795721,0.328267681,0.518229527,0.214988704,0.09778526,0,0.168981461,0.308990355,0.929850829,1.596934326,0.294035145,0.258935582,0.104630967,0.135185868,1.070743164,34.52407241,100,9.541296711,1.274359047,0.573893018,0.104460524,0.729183333,0.467887358,0.654277589,0.976748981,0.352914846,0.482392615,0.313718043,1.676434928,2.513758572,3.025236959,0.641975407,0.063322219,0.220701743,0.55374944,0.294969781,0.317758922,0.336849757,0.257972585,0.284188449,0.288094613,0.560145363,1.173729551,30.73389288,77.86933088,8.318558524,0.988057384,0.210783997,0.157056004,0.088477195,0.011559695,0.068299296,0.379911109,0.301111747,0.501607462,0.010706687,0.402568522,0.038889113,0.694756761,0.291976121,0.20630004,0.184079164,0.285936383,0.340490701,0.009872755,0,0.18074844,0.124580982,0.167558789,0.076729247,0.222585241,3.491332551,8.642380712,1.347876168,0.140908967,0.150858519,0.118198351,0.146031005,0.140987752,0.243297021,0.26689176,0.342488531,0,0,12.91905849,15.50051871,2.201712299,0.939780234,0.10291254,0.198869432,0.121682025,0.131529541,0.600217091,0.723974888,0.303271514,0.214788718,0.436523373,0.244958846,0.357629578,0.29121432,0.466149044,0.422418899,0.132782195,0.295959925,0.301897777,0.150100853,0.111585528,0.021631146,0.127274327,0.188555981,0.065596,0.06896556,0.100605999,0.291764288,0.285712192,0.191668407,0.270353948,0.100804481,0.107428772,0,0.302907288,0.123767298,0.24068424,0.420572839,0.259816021,0.254427692,0.192182528,0.583257088,1.47332479,0.305458227,0.147381485,0.397260602,0.243102025,0.150321216,0.019589685,0.152796403,0.023038101,0.138340379,0.186721561,0.033285279,0.013189551,0.03686765,0.323771561,0,0.10306485,0.028017495,0.033783027,0.001530374,0.049720419,0.14565208,0,0.147791447,0.206213881,0.70027911,0.503909882,0.324022249,0.707257894,0.303340344,0,0.032875555,0.073764875,0.014415324,0.015270866,0,0,0.082762428,0.069713557,0.097694755,0,0.081221849,0.105241684,0.175607362,0.157605702
0,0,14.92846683,0.023543355,0.162034721,0.255603868,0,0.355101864,0,0,0,3.815255117,5.062562163,6.041544602,0.163638737,6.92954557,9.683209752,0,0.683877505,0.028140112,0,0,0,0,0,0,0,0,1.30907084,37.28862992,9.707700131,1.629316269,10.26937927,0.032859588,0.185454817,0.047727049,0.091414465,0,0.138427938,0.24490929,0.017408649,0.510266166,0.009028588,0.777731708,0,0.680246206,0.059619408,0.134777081,0.015890916,0.102723743,0.229737239,0.320352021,0.03415874,0.486032117,0.314390883,1.318191368,0.817497382,5.131441976,0.238474675,1.230216049,0.055438895,0.71705303,10.43090535,80.82334023,4.778524106,1.105039916,0,0.41448286,0.463661063,0.481034685,0.734746781,5.786217477,0.283614059,0,0,0.433146957,18.00307293,100,31.95079969,7.454881388,0.602445202,0.151870789,0.285101077,0.334748263,0.311766413,2.150989949,0.176886456,0.004321881,1.944882007,8.921402982,14.55134208,70.71847292,16.85784471,9.174210883,1.588452356,0.535736068,0,1.211934616,0.335949915,0.824885149,0,0.408508125,0.183437257,1.642658798,7.644068137,34.49058554,19.3919285,6.398530989,1.511481766,0.995432182,1.091787423,1.150298876,6.037059016,29.60869169,3.051193762,1.040478562,1.20753406,1.63337299,5.413412211,10.11953837,5.873322206,7.306881541,2.028803793,1.296810427,0.362881231,3.354504775,7.530143738,6.129594204,0.472558534,0.221321967,1.079989367,2.465816354,1.358255076,3.320470323,1.648777532,1.865318028,1.266898124,0.868706182,0.585276194,1.131197709,13.24790798,50.69679922,5.062057702,0.525160777,0.318196587,0.889723969,0.179164902,0.25669297,0.226072005,0.474453994,0.973146378,1.933407868,0.935976465,0.592062666,0.469752816,0.530858403,0.329255719,0.190538977,0.15060162,0.383269106,0.16298994,0.33808701,0.016109241,0.259152293,0.362167404,0.512990674,0,0.696105258,2.392243276,10.92912645,1.189001356,0.203980808,0.179488594,0.066467806,0.157210611,0.554844673,0.199819137,0.43332916,0.22340442,3.236388214,3.595350622,37.39938145,66.23448701,9.099517804,2.990691363,0.446481983,0.323272818,0.27701587,0.092324223,0.827131204,1.107826725,0.007682112,0.434212376,0.576634711,0.378599634,0.845247661,0.876814124,0.888037541,0.762301016,0.325256221,0.128829226,0.186095147,0.057986561,0.31512878,0.255345503,0.201516812,0,0,0.120671308,0.243965089,0,0.405121359,0.671895428,0.238208714,0.202628912,0.222707471,0,0,0,0.30211025,0.064255637,0.292898107,0,0.482810896,0.537497988,2.763263907,0.58348923,0.1319056,0.593177928,0.217422986,0,0.276634545,0,0.107167327,0,0.109933677,0.306814451,0.174986011,0.274783717,0.532431012,0.142539695,0.20346859,0,0.144917211,0.138284686,0.068371033,0.048636601,0,0.275819543,0.232855225,1.296329713,1.627418889,0.350345224,1.761304645,0.185475423,0,0.053249746,0.038950881,0.035016519,0.38926794,0.746425449,0,0.075824336,0.149780495,0.095080159,0.080171156,0.263005704,0.064803926,0,0.267005932
0,0,9.815266352,0,0,0,0.048659609,0,0.034778601,0.005413551,0,2.389194459,7.288510079,5.004677018,0.479406708,19.14957157,21.31273295,0.4544121,0,0.002215417,0.103890881,0.115687873,0.129278066,0.161745956,0.123982572,0.089535817,0.137006265,0.240425755,3.293755562,100,12.59649222,1.75168276,11.56993267,0.174972857,0.368559513,0.20699059,0.066013957,0.117692297,0.15439129,0.652000956,0.162160227,0.551872489,0.117426682,2.471421005,0.2602257,1.115161248,0.177455242,0.419027785,0.073326592,0.015590155,0,0.197218297,0.151449452,0.652747218,0.115651132,1.161768795,2.363826632,20.38373405,1.157155775,1.526808791,0.37240915,0.69735971,10.80949485,73.17316016,5.180409059,1.710874121,0.186710823,0.714578491,0.620711529,1.051074768,3.632706004,25.27013193,1.652308299,0.433653009,0.204522809,0.887343162,18.03477441,86.23444653,31.1650547,8.338820763,1.114130064,0.302533282,0.305405887,0.683393078,1.689714557,8.144941522,0.71286752,0.316729546,3.685526323,10.24647334,15.97043316,67.91505737,17.00580688,10.79894203,2.819866534,0.52565483,0.952055618,1.609281739,0.799719358,2.728849529,0.484990629,0.018114154,0.473510944,2.242168088,9.298414646,36.34674925,23.10655773,9.824754686,2.39105236,0.97537212,2.035655586,2.135957732,18.0255249,74.43730895,7.234429062,1.525820772,1.254028174,1.896761376,6.413147113,11.21603203,7.476272208,9.785936588,3.238583812,1.684657875,1.363383948,4.013484919,8.884875137,11.02674685,1.996107834,0.844531501,1.512670889,3.393913485,2.660079918,4.596079987,1.802265285,2.673803172,1.365445333,1.144468726,0.543544308,2.301480111,22.80697106,86.13033097,9.44015528,1.516969406,0.327549249,0.462522608,0.399744808,1.019840913,0.48826894,0.900531176,0.653880848,1.102714077,0.162608377,0.386168855,0.642792205,1.242453719,0.50351487,0.239707513,0.496961884,0.641913337,0.199644344,0.25662406,0.419482105,0.514824784,0.240739992,0.610185612,0.730216183,0.43010986,2.911839075,13.98115454,2.078488011,0.296575228,0.079882868,0.317575445,0.324788113,0.751464797,0.418274917,0.153998655,0.711005217,0.58754501,0,26.53754974,50.92187315,7.802559922,2.382161543,0.579703183,0.066656508,0.171420675,0.463282859,0.971419302,1.760264802,0.490802371,0.321144116,0.734672543,0.28705396,1.077589227,0.254039677,1.192328892,0.315772279,0.350334234,0,0,0.306517674,0.644261088,0.273267972,0.483751959,0.312989308,0.149107958,0,0.350077911,0.314060275,1.081254226,0.501338746,0.340550142,0.41464824,0.286791845,0,0,0.380892143,0.632554311,0.593791475,0.491169702,0.145369289,0.466232659,0.784202079,3.819723858,0.868773992,0.28767648,0.584278821,0.709752898,0.32601394,0.10646404,0.148196807,0.052512361,0.358722221,0.014177539,0.068661008,0.422970703,0.278219374,0.799238571,0.333542712,0.180478089,0,0.115035313,0.293849726,0.244205808,0.120899037,0,0,0.327456848,1.039563226,0.740376105,1.035866787,1.955420434,0.367190241,0,0.110333838,0,0.132602341,0,0,0,0.147817668,0.335601728,0.267671056,0.110168571,0.011963518,0.509709904,0,0.331170085
0.043729988,0,10.61499451,0,0,0,0,0.029456408,0,0,0,2.729307392,4.794697685,6.443811962,0.279727325,11.98892871,9.29505923,0,0,0,0,0,0,0,0,0.016154606,0,0.070456518,2.052151263,56.15336262,0,1.063943501,7.012700087,0.104817299,0.122552398,0,0.009145039,0,0.182242133,0.220703153,0.098470779,0.354197044,0.074051587,1.112122658,0.200140385,1.014626234,0.155659276,0.095344683,0.002973778,0.246403512,0.10539669,0.678457028,0,0.893178514,0.425956737,1.66338531,0.853855204,7.06294508,0.576393953,1.269056786,0.105637261,0.492626516,12.20398967,84.98273244,5.803534856,0.776846003,0.214147977,0.52169071,0.176731908,0,0.967974359,7.581247527,0.165268738,0.053394051,0.065869556,0.559015972,20.01330467,100,33.32587462,6.929931607,0.680428552,0.44304574,0.097261758,0.318056952,0.282920869,3.067504837,0.356205964,0.257251389,2.644788993,8.794424506,16.51877364,72.37415776,16.14271448,7.629307824,1.740127187,0.719117055,0.168673816,1.084309313,0.225936524,1.488434406,0.151160002,0.403500411,0.411060204,1.469428239,8.233565897,34.04143225,18.04946864,6.79502902,1.464972503,0.75125107,1.205009761,0.910026248,8.880781872,39.44752839,3.13604116,0.729768866,1.303675407,2.05731327,4.550126454,9.375204377,5.758836681,6.748866537,2.091386522,1.573146235,0.823876718,2.732417334,5.09108136,5.734957664,0.664441741,0.50572631,1.380800099,2.469659555,1.273883478,3.558221748,1.589870018,1.673485387,1.07915484,1.034787458,0.465039577,0.810060077,15.58700154,57.85553093,6.784234478,1.019910371,0.309435658,0.742158943,0.177641974,0.718197895,0.050504964,0.546270119,0.756238335,0.653285533,0.083489868,0.040477193,0,0.509889523,0.411645977,0.052780065,0.057505924,0.722088443,0.507365843,0.11989597,0.002746746,0.380461543,0.081331396,0.384051273,0,0.105853502,2.340997144,9.788793831,1.116298289,0.230427321,0,0.165943606,0.043395045,0.531572977,0.214527586,0.189099873,0,0,0,20.41809775,39.43797799,8.09398459,3.473836416,0,0,0.337972538,0.251531546,0.476058598,0,0.062081241,0.297172027,0,0.724991516,0,0,0.72243637,0,0.089318889,0.281385338,0.062944808,0.141755781,0.088149088,0.263252364,0,0.113935127,0.106019704,0.364281797,0.293521737,0.173862887,0.451345678,0.269555452,0.663109655,0,0.003500483,0,0,0,0.353405051,0.428846506,0.195004543,0.020763547,0,0.40480813,2.873735776,0.473867903,0,0,0,0,0.049290969,0.00222662,0.06183532,0,0,0,0.051797656,0.13548505,0.785575392,0.26451173,0.091790412,0.088345471,0,0,0,0,0,0,0.527159169,0.756252744,0.031463475,0.094245774,1.947466511,0.308990546,0,0.082785801,0.020516327,0,0,0,0,0.007765226,0.006162906,0,0.039310348,0,0.218399361,0.119753629,0.128278854
0.022186143,0,3.508324017,0,0,0.270616275,0.039568579,0.223921878,0,0,0,1.763404015,6.911778151,3.937097024,0.315190868,19.56747,17.00471086,0.256062985,0,0.045792317,0,0.094623492,0.038709538,0.01727655,0,0.070781963,0.177388219,0.329642046,2.832807337,86.4593236,0.484899694,1.273257605,13.37439564,0.208519664,0.257178952,0,0.092736819,0,0.206705058,0.415540144,0,0.2163522,0.154856141,1.141190648,0.154519748,0.941770339,0.018959304,0,0.101760095,0,0,0.177816439,0.023655591,0.144513612,0.005172162,0.887819146,1.91994994,16.49330207,1.047937536,1.090719132,0.190943046,0.755462856,7.277820055,56.85962146,3.442450073,1.269701362,0.338328816,0.461704167,0.262937844,0.650463542,2.675279522,21.03988584,1.318144562,0.28080685,0.046633008,0.460800272,11.84089181,63.58859168,21.02010217,5.205780195,0.530138721,0.41250994,0.291363479,0.253012296,0.775174406,6.934308449,0.826265169,0.368429483,2.115365397,9.141933896,9.887480302,45.01477152,11.40146164,6.174729006,0.941915045,0.532235733,0.467898763,0.963665364,0.487634885,2.31357276,0.493501006,0.522049878,0.294797197,1.894141034,6.058355726,26.46789145,16.57647955,5.278956059,1.333775368,0.584820206,1.012584177,0.713460716,18.22274935,82.32900911,7.643550549,1.292457915,0.694524302,1.973755857,2.849233148,8.300214288,5.287378444,6.843389653,2.009443498,1.230019356,0.644313125,3.14759405,5.867283986,6.764058518,0.94504389,0.794177668,1.399454165,2.852814881,1.858358177,2.847725353,1.666573851,1.827099039,1.815816325,0.99709498,0.527975996,1.693027488,25.08609444,100,11.38453749,1.370881923,0.126746312,0.5917392,0.346245473,0.286045014,0.275220907,0.721157608,0.562760893,0.945141611,0,0.506124465,0,1.039940228,0.154121409,0.476984072,0.196401068,0.281603422,0.453613944,0.32498601,0.291800331,0.232546654,0.436587945,0.342958577,0,0.26528849,3.403343972,13.36560865,1.434557025,0.406948766,0.136425359,0.158681264,0.407873692,0.393273325,0.345194318,0.272664566,0,0,0,12.32508969,35.53655928,6.142154166,1.302151559,0.418657036,0.063133261,0.394866255,0.129066351,0.364075328,1.27100092,0.52711018,0.169471126,0.575286448,0,0,0,0.317153102,0,0.373211504,0,0,0.237861398,0,0.072471157,0,0.095912632,0.207702052,0,0.461828035,0.112322875,0.5809234,0.46959531,0.262201278,0,0.12331427,0,0.20836547,0.165302696,0.308122274,0.144645498,0.339252263,0.235047219,0.171539342,0.418885497,1.874750786,0.462886151,0.104827991,0,0,0,0,0,0,0.219880416,0,0.109725148,0,0,0.519241947,0.137920543,0.325156605,0,0.169186092,0,0,0,0.09605456,0.206489841,0.388883798,0.122489982,0.366183629,0.136440043,2.030506328,0.680746256,0.21578405,0.15201114,0.019137369,0,0,0,0.006597878,0,0.268915144,0,0.065608309,0,0,0.318495896,0.438308126
0,0,13.25217262,0,0.120807374,1.176355249,0,0.103387433,0.070847951,0.024345666,0,3.68785284,6.264831993,8.034788416,0.313968837,16.43469577,20.33204277,0.055582654,0,0.127957817,0.124264632,0.067109022,0.126407291,0.284218227,0,0.145244941,0.018892674,0.316450761,1.989520704,56.90285201,1.949078875,2.097314244,15.01950955,0.322553177,0.367933824,0.259861054,0.283922011,0.113190072,0.185441576,0.589843984,0.251615245,0.755745855,0.232823199,1.351591724,0.256289047,1.070640963,0.131683133,0.212849985,0.19667374,0.193523196,0.490862398,0.276754646,0.104174203,0.662031643,0.254318436,1.931298465,1.337261882,10.06910434,0.790680076,1.643186807,0.338268741,0.850030291,11.36393451,80.08720841,5.676329661,1.307097199,0.260395591,0.399177204,0.558085519,0.245395525,1.673477348,10.38334182,0.747151727,0.208764511,0.116676983,0.736498933,20.49802877,100,36.03810019,7.520193374,0.698968041,0.572586146,0.397102552,0.590210958,0.953131534,4.005979135,0.443578354,0.454957228,3.136771786,9.594837227,15.19186111,74.60036331,18.2346661,8.718692293,1.575792078,0.713764908,0.723841432,1.534501843,0.611517518,1.757220754,0.570867046,0.133878004,0.298773902,2.326610739,10.12212289,37.34625987,22.87733307,7.225836797,1.471233853,1.137013453,1.013476476,1.096617095,12.33152629,52.49005525,5.13272435,0.887257849,0.947097802,2.280108545,6.224096188,12.97050383,6.756888857,8.720654867,2.625279353,1.50187435,0.591775546,3.549729391,7.065673762,5.292190381,1.198739181,0.575894681,1.761509867,3.533135224,1.952126446,4.824912933,1.919574092,2.691178986,1.633972025,1.343700766,1.110640411,2.023845446,20.89706054,80.69751571,8.231031449,1.799536299,0.700640369,1.003804095,0.228599115,0.764600127,0.441241223,0,1.239135315,0.666591647,0,0.815007281,0.327123743,0.662942117,0.320957501,0.384166549,0.235284421,0.809030729,0.171069561,0.28496596,0.305840858,0.346761123,0.429400593,0.612138622,0.309824853,0.410024189,3.288755909,14.10220169,2.038573894,0.36736494,0.296786905,0.358481232,0.309083701,0.424399869,0.159766556,0,0,0,0,22.6112215,44.54851072,6.604231587,3.022877322,0.978075264,0.187751937,0.598910898,0.252760192,0.702997263,1.034540906,0.055092912,0.0151294,0.436829652,0.343851192,0.340114866,0.454300536,0.937141561,0.564456393,0.367096001,0.223890401,0.49392071,0.166318244,0.260800391,0,0.326327358,0.016496477,0.127605454,0.230067813,0.405147544,0.266379683,0.848953235,0.55899171,1.066663749,0.268291742,0.106053722,0.225399887,0.493634177,0.130439517,0.648286495,0.489518905,0.1233001,0.37725377,0.302978616,0.407581433,3.168385252,0.424273633,0.437620649,0.022398505,0.32607083,0.152449218,0.250098163,0.473278384,0.060789322,0.353476786,0.292872883,0,0.264210272,0.277641094,0.484223023,0.124228024,0.235559783,0.025453618,0.011584265,0.105677373,0.408328451,0,0,0.270098696,0.117345239,0.489268206,0.866277081,0.6805545,2.847818282,0.824269208,0.126688408,0.21830802,0.110526672,0.040222652,0.475612209,0.192059284,0,0.23921108,0.229364155,0.167639375,0.071843691,0.230525664,0.483727623,0.238253293,0
