0,0,0.006991805,0.006104783,0.010456874,0.004543537,0.007980158,0.033944475,0.003012108,0.005660471,0.016903741,0,0.365396319,2.180244957,0.378325762,1.808845609,0.63712237,6.991240616,0.217143558,0.077374637,0.009384212,0.004917599,0,0,0.054712933,0.485146415,0.092487265,2.295568342,0,0,0,5.652813981,0.386555109,0.136996054,0.077489073,0.331186603,0,0,0.962842497,6.425417167,2.86305323,20.20098149,2.595655546,8.746119563,3.280635106,8.567253816,1.120006462,2.330862295,0,0.886415597,0.687311291,1.3352757,0.353210449,3.056757417,1.721704464,7.462523829,2.411053869,13.59236619,1.559635173,5.372413818,0,0,0,63.4665257,2.412069879,0.730426691,21.98310099,84.51181303,4.018440017,0.764983493,0,1.481445125,0.555463158,1.270895262,17.79396073,100,8.003770991,1.186685093,0.100514442,0.367810615,8.638679389,41.35279394,3.252700862,1.981446066,0.629528804,1.572567458,0.159350085,0,0.441742569,3.066588611,1.576835974,11.31410949,1.075384312,0.055139938,0.322769067,2.100565942,0.386176928,1.826585991,0.532623919,2.926451834,1.113505785,4.532920024,0.998834208,3.260370482,2.03061665,12.03213828,1.248459216,1.716714954,3.531999251,23.30605597,1.483931255,0,1.910464148,9.694964647,1.762384776,4.938003585,1.722667468,6.633217511,1.096583592,1.487101021,0.571613998,2.207105082,1.327400107,4.285823584,0.910752958,1.999254575,4.200189068,23.07431231,8.135311985,3.899151955,1.255311062,2.641569496,0.844493531,2.292330724,0.534463618,0.952659283,0.220154844,0.887593143,0.303285026,0.900681191,0.530649637,1.889012252,0.741859674,3.377347986,1.768564949,6.064906743,1.052507319,2.044227282,0.394114674,0.415693666,0.258818163,0.807079533,0.258789109,0.71577146,0.432559034,1.886429655,0.42009881,0.948378135,0.369391608,1.444695029,0.403855043,1.324922402,0.274448397,0.770619317,0.725306005,2.30783409,0.881912757,0.958282197,1.279349565,1.660939976,0.518709894,2.290557414,1.025109467,7.040002994,5.138319633,2.11093888,0.507327328,0.327730649,0.144666509,0.49554889,0.411718577,0.248574443,0,5.774715257,31.59039698,5.127236197,2.628630375,1.053319293,0.387547885,1.837159098,0.34833019,0.454442544,0.257373404,1.056177863,0.250520481,0.448140738,0.229544471,0.462791274,0.392654369,0.585322097,0.22255563,0.712262103,0.321349302,1.069532728,0.187565208,0.570942145,0.174448569,0.418826267,0.123537047,0.410368719,0.166114972,0.343671458,0.152591056,0.290965344,0.169391639,0.660754928,0.529162779,1.403338178,0.251851879,0.532993265,2.149919559,1.139430308,0.264418534,0.335943899,0.104628103,0.424965057,0.046173652,0.38417095,0.082473302,0.301285109,0.228648137,0.181569513,0.088276343,0.275458216,0.059434249,0.275585136,0.066758056,0.165922394,0.104769072,0.247542328,0.000184311,0.415564327,0.17096244,0.111511,0.055812262,0.214545834,0.038932306,0.492544327,0.188418734,2.506351756,0.387767938,0.041670904,0,0.008474438,0.008344637,0.193611632,0.064878245,0.047942181,0.019372561,0.093888091,0,0,0.026299421,0.007671812,0,0,0,0,0,0.026167395
0,0,0,0,0,0.000439678,0.001827226,0.014801331,0,0,0.016470053,0.353050428,0,3.324980396,0.248816842,0,0.21381111,6.993367538,0.158462586,0.045521153,0.003070111,0,0,0,0,0,0.115467705,2.128230308,0,0,0,2.43176781,0.161954179,0.082148419,0.057080898,0.253549366,0,0,0.323050212,3.414634057,3.392916808,26.50689133,2.448247085,6.070266534,2.444952262,7.426002807,0.701316956,0.968080208,0,0.493858634,0.359495945,0.227912032,0,1.19562624,1.181908269,6.603261312,1.092518003,10.19602649,1.668229815,7.118900304,0,0,0,56.45251022,1.456777887,0.050580667,21.96228158,83.14997824,3.74796342,0.562456495,0,0.857720177,0.328826285,0.811588832,18.10927442,100,7.938110334,0.773743088,0,0,6.49188959,32.61912344,2.383487446,1.37486854,0.414349719,1.669474224,0.153371679,0.351010215,0.223354987,2.222842497,1.106977911,9.975334411,0.838128148,0.151906108,0.178243564,1.341040014,0.369307062,1.547754184,0.576600427,2.932951217,1.140038372,4.613822117,0.926652573,3.633870225,2.040322338,11.35913789,1.067838797,1.48951869,4.147191308,27.42094392,1.770297157,0,1.574225762,7.757156189,1.662953641,5.316843573,1.614532041,5.867311941,0.487478269,0,0.304907466,1.961077326,1.661193926,5.436387973,1.0071066,1.917718995,4.923776413,27.68653149,10.30903985,4.260799463,1.222775065,2.635140877,0.759509305,2.347207629,0.475812844,0.859368836,0.06071727,0.833249748,0.296500691,1.029707436,0.564915416,1.937232972,0.709445071,3.069185326,1.930390809,7.101154327,1.063157426,2.127054064,0.325419497,0.442958767,0.21363699,0.792751977,0.248986834,0.681972932,0.49675598,2.427920888,0.480036019,0.854587564,0.290421579,1.185006644,0.336168421,1.241940959,0.2640785,0.703197303,0.825134353,2.928852526,0.831960142,0.843528501,1.267573033,1.800215636,0.458245135,1.913200208,1.19732069,9.444356855,5.895901215,2.459983989,0.558269767,0.296959156,0.122319296,0.517464356,0.333146747,0.316101507,0,6.107177857,33.39307743,4.962958617,2.492954949,0.929846977,0.336633131,1.457647457,0.265140625,0.342881144,0.235487437,1.165780602,0.228688876,0.32849387,0.183297178,0.456152416,0.155053731,0.481180957,0.191994657,0.591881129,0.293946609,0.997376546,0.186228924,0.463757146,0.11484513,0.382317949,0.118775942,0.310159707,0.095763428,0.400239936,0.13380147,0.228034889,0.124857498,0.605041967,0.53843108,1.039761821,0.183477665,0.40594937,1.906577279,1.036351318,0.299330573,0.296710949,0.088551057,0.277077024,0.026938032,0.295605165,0.046876149,0.224148675,0.168902439,0.149904713,0.048811442,0.297938263,0.060064218,0.205848254,0.001860334,0.08283097,0.073504596,0.232899851,0.057666775,0.708506414,0.090297962,0.102017938,0.045352046,0.192343565,0.024282044,0.343672162,0.159302058,2.150662892,0.32113187,0,0,0.119584885,0.004890071,0.186158658,0.021724939,0.041903159,0.001522959,0.017612034,0.000829482,0,0.002949473,0,0,0,0,0.109614941,0,0
0,0.002420177,0.001550157,0,0.000700092,0.00111139,0.001170922,0.018322022,0,0.022855575,0.05671254,1.273111045,0,4.26946544,0.191186031,0,0.178683562,5.89773395,0.135559324,0.047884689,0.000779292,0,0.000892613,0,0,0,0.127833066,2.427890427,0,0,0,4.283407545,0.236950883,0.067235163,0.060282769,0.264214768,0,0,0,1.004178512,2.69775535,21.89980961,2.250430132,6.180815718,2.02362011,6.907538877,0.604675829,0.881117169,0,0.459053709,0.33169641,0.162419195,0,0.139563899,1.04772514,6.819346076,1.007077715,10.77718588,1.466316191,4.684695264,0,0,0,44.12639351,0.527717858,0,15.96954127,64.29540541,2.521271425,0.386654282,0,0.665010071,0.40348472,0.856093781,17.07676018,100,7.901419078,0.566593438,0,0,5.325510037,28.60864553,1.804527385,0.376436737,0.048153184,1.633238053,0.2266408,0.430004127,0.099405488,1.533385485,0.614912066,9.23378664,0.726919206,0.104754953,0.083768629,0.853312864,0.194325624,1.133784472,0.344229459,2.90325457,0.88894118,3.95274473,0.784471776,2.915095,1.51036887,9.408689734,0.857116189,0.948144034,3.483108973,26.85443634,1.757405405,0,1.079630133,6.666093509,1.292879412,4.068618555,1.157091445,4.580970864,0.090086384,0,0.100282643,1.763347005,1.350488281,4.479938795,0.751890698,1.725561027,4.396748279,27.29880514,10.37163016,3.895343773,1.176421135,2.459162101,0.608413864,1.906194718,0.307346468,0.736273915,0,0.715646525,0.282134046,0.801288139,0.345807693,1.649505434,0.531566436,2.225892076,1.590467144,6.594351437,1.030815844,1.916655157,0.275251331,0.259931132,0.154699565,0.749355385,0.20021212,0.555071768,0.367506349,2.143571825,0.344507073,0.719111869,0.258960078,1.038976465,0.247004289,0.862500313,0.215844039,0.601171401,0.649850153,2.803200676,0.739875145,0.72309751,0.982227044,1.305366912,0.320436815,1.301973876,0.867629234,8.277086631,4.680495805,2.028382294,0.446956052,0.202631088,0.112757603,0.46061305,0.234400603,0,0,4.37476236,27.28657412,4.068026864,1.917171992,0.802990155,0.251337946,0.89453847,0.155701542,0.224856272,0.17429503,0.938864899,0.17229806,0.268672488,0.163285162,0.278588524,0.01158848,0.332382825,0.097492296,0.475870773,0.196424701,0.770289376,0.118192438,0.346267309,0.069714256,0.269014637,0.033761044,0.136173307,0.077701662,0.292528077,0.052294107,0.143678858,0.046855849,0.531764558,0.357922742,0.637830092,0.124280295,0.258866066,1.392946647,0.855785483,0.190129607,0.152392951,0.029997437,0.249277001,0.01815967,0.145018211,0,0.138275807,0.080617366,0.052584191,0.030234127,0.260269849,0.002727299,0.174797554,0.009655647,0.017662169,0.042083702,0.150786858,0.040727366,0.643424498,0.112526347,0.055227025,0,0.089922187,0,0.280521006,0.037240579,1.622126538,0.214913488,0.010758121,0,0.073846107,0,0.182183539,0.051236557,0.048006327,0,0,0,0,0,0,0,0.003732145,0,0.088754002,0,0
0,0,0,0,0,0.000269809,0,0.011512241,0.00414984,0,0,0,0,1.913766009,0,0,0.060401662,4.118618207,0.063798672,0.041256452,0,0,0,0,0,0,0,0.128763992,0,0,0,16.36520353,0.441194615,0.092438638,0.032365432,0.181351055,0,0,0,0.809806653,1.50664779,15.03734344,1.482371645,4.897488611,1.033826342,6.096856642,0.448323399,0.673096521,0,0.546794702,0.046237476,0,0,0.469320527,0.615855023,4.720820125,0.094853833,5.590631111,0.887690393,6.017297011,0,0,0,40.01459619,0.628534165,0,15.86106756,66.79490503,2.794627856,0.092276289,0,0.445724721,0.013470033,1.019240618,16.61950801,100,7.938891676,0.43713187,0,0,5.482635075,29.53235715,1.929335782,0.28527869,0,1.045423471,0.104557902,0.66184246,0.02221922,1.253702083,0.391215942,6.817520846,0.623088942,0.216825762,0.071805284,0.710460022,0.155421998,1.023856137,0.303695922,2.274616016,0.681135805,3.059212466,0.538556585,2.154396333,1.330482353,8.279427619,0.721283893,0.791478388,2.083657715,17.17856191,0.839243465,0,1.128405973,7.509492793,1.201516468,3.609626214,0.951930444,3.841296574,0,0,0.013146719,1.334781559,1.172776001,4.38773356,0.678036363,1.442523299,2.824323985,17.81922084,8.941690888,2.97181325,0.856910174,1.636943373,0.574419927,1.506386503,0.321889861,0.636662216,0,0.601963482,0.234052196,0.858281211,0.436493777,1.566325394,0.513824487,2.61252941,1.040891558,4.034896716,0.658791003,1.639335514,0.232685697,0.274212663,0.127889422,0.531539446,0.178125674,0.480099376,0.245307878,1.30898709,0.267073012,0.648883868,0.189195058,0.764731991,0.196485958,1.004766453,0.189914029,0.48221521,0.621380904,2.693408191,0.71905592,0.670988203,1.065253057,1.821457018,0.398415929,1.744884544,0.54332691,4.49125806,4.776907322,2.091854062,0.446631804,0.222588076,0.096426091,0.411742664,0.125792744,0.045082553,0,4.640396038,30.21575874,4.248909075,1.930477043,0.729001902,0.297639931,1.319871093,0.208011533,0.214102329,0.192862995,0.898137367,0.155815187,0.201188067,0.161898323,0.293713616,0.02408439,0.419168994,0.129483132,0.369535858,0.200656801,0.854779394,0.150080445,0.388901473,0.076866708,0.234731944,0.05169283,0.155910022,0.049615724,0.263721432,0.056886337,0.160291479,0.047820517,0.410386262,0.344315477,0.891753576,0.155017716,0.331706962,1.577265177,0.840359648,0.25103854,0.151224701,0.012345592,0.203492457,0,0.147563975,0.021141258,0.074606476,0.088219373,0.121082568,0.045438882,0.309772522,0.058799063,0.163126865,0.012544239,0.053031855,0.031945125,0.1488616,0.048134601,0.361495367,0.034753975,0.0100928,0.007096841,0.097938046,0,0.180574864,0.067257067,1.361770523,0.212407254,0.000290783,0,0.015169523,0,0.054737098,0.000257537,0.023763724,0,0.003820715,0,0,0.014608684,0,0,6.83E-05,0,0.012380672,0,0
0.044993397,0,0.002793713,0.013792188,0.000961361,0.000413732,0,0.011013538,0,0,0,0,0,1.546145336,0.358216197,2.851689709,0.369463187,1.318970976,0.030042077,0.013994182,0,0.000539374,0.008535982,0.01961604,0.044855779,0.418392185,0.246858631,1.986385349,1.071050815,9.024595405,6.318256204,40.58241405,1.090339732,0.205863651,0.026909368,0.14744033,0.0193732,0.113955387,0.199268924,1.70302209,0.525103588,5.996165465,1.491691702,7.337710468,1.946200095,6.713997266,0.417136074,0.598247645,0.201389796,1.894371092,0.564624062,1.983130782,0.282157839,2.210526786,0.866053729,5.890695393,1.521184804,7.671267467,0.958070582,5.054226077,0.398218304,0.904225536,3.141926461,41.65687697,1.915269199,1.428687885,7.222470988,45.44811593,2.584868174,1.616260443,0.271062264,1.33818379,0.276188152,1.660718649,11.46008764,100,9.04062802,1.56545882,0.015092455,0.826733511,3.526859036,28.91163597,2.071189055,0.788408875,0.256824415,1.436215004,0.206746154,0.714260129,0.260434178,1.50637594,0.902599446,7.541490998,0.804597204,0.585835847,0.219398883,1.287207902,0.259689225,1.783402967,0.454985491,2.321148428,0.414296095,2.7958797,0.362419816,1.735245752,0.723951388,8.043099897,0.798644925,1.20710684,1.392391038,17.49533272,1.175233114,0,0.320688056,4.655589126,0.582693418,0.96734523,0.299721521,2.749483886,0,0,0,1.470710257,1.263870919,7.245219354,0.870097683,1.726984559,1.624842808,17.95583589,4.435710611,2.182301527,0.417187665,1.346242344,0.370946166,1.438059464,0.247857513,0.759844782,0.217441421,0.668872431,0.210226599,1.009857786,0.172381426,1.379783465,0.177054323,0.431356899,0.497016578,4.246405051,0.560276677,1.480721703,0.107967656,0.265114796,0.13934278,0.60566468,0.137709419,0.692588409,0.088210834,1.02092102,0.161624946,0.349417555,0.061517865,0.543557512,0.102965701,0.547701212,0.108468347,0.400535714,0.248724005,1.744590414,0.365730395,0.408281657,0.401114928,0.742033373,0.126623128,0,0.118546956,3.062206831,2.786920524,1.492531628,0.312565032,0.151991593,0.028725067,0.421983155,0,0.177720104,0.777664867,0.739602183,8.79180566,1.447094615,0.396850089,0.363746432,0.138628886,0.54081999,0.063075411,0.036859263,0.013860811,0.357395384,0,0.006336575,0.058184991,0.100381413,0,0,0,0.161493766,0.063979809,0.52026411,0.026704298,0.092785332,0.03291231,0.032020622,0,0.06507366,0.022712111,0.16054774,0.019711414,0.03016843,0.040577797,0.276509194,0.186025825,0.414071454,0.089339833,0.121032802,0.812657247,0.521891912,0.078823062,0.008310227,0,0.013264085,0.00837429,0,0,0.071172797,0.115101745,0.137290601,0,0.180769381,0.055776897,0.060287833,0,0,0.053867557,0.10438009,0.016884901,0,0,0,0,0.134863532,0,0.090982331,0.013463806,0,0,0,0,0,0,0,0,0,0,0,0.000833493,0,0,0.000837959,0,0,0,0,0,0.026312922
0,0,0,0,0,0,0.001423562,0.007301133,0,0,0.035212031,0.34004503,0,2.900264963,0,0,0,2.859471997,0.052429509,0.011731619,0,1.82E-05,0.002069214,0,0.013386815,0.05218283,0.13348096,2.154012394,0.240832158,0.21828826,1.003261924,3.423433363,0.120865424,0.033509266,0.033652291,0.230603657,0.006112288,0.054228524,0.206546298,1.944279919,2.563636523,22.05377369,2.398246637,5.715691448,1.685883301,7.383858063,0.439523009,0.413109793,0,0.834133328,0.570413621,1.752237641,0.50408941,2.399638029,1.751664475,7.99302088,2.376510595,11.73380067,1.618306201,5.250002821,0.015038251,0,0,44.34660396,1.679913772,0.891790878,13.14774624,56.33573438,3.404537767,1.747097417,0,2.732432211,1.106241569,1.841094795,16.72269042,100,8.533115355,1.845982846,0,0,5.867797486,31.9269243,2.186153103,0.792642282,0,1.490434219,0.246784924,1.14972552,0.134172957,1.460263222,0.55944584,6.801416586,0.40823198,0,0.020155895,1.183610474,0.334182617,2.067936377,0.168454298,2.834141351,0.793884575,4.014837944,0.655648548,2.314450638,1.189162044,8.503004393,0.712124216,0,1.688558493,17.09344923,0.268787676,0,0.611600119,6.910412244,1.207911431,3.864197837,0.789323812,3.026290035,0,0,0,1.263294334,1.374864463,5.556174391,0.680402353,1.419999441,2.904328626,19.25050484,5.7942618,3.20289964,0.858909322,2.059765018,0.570143113,1.487455838,0.083512705,0.136994808,0,0,0,0,0,1.218972328,0.589019774,2.96939716,1.199053029,4.62446883,0.79754115,1.798211422,0.174052118,0,0,0.39266291,0.059940985,0.290701125,0.073073971,1.021994682,0.21871856,0.780793079,0.164264931,0.706869079,0.145646987,0.680426885,0.063913654,0.299490832,0.435290251,2.306023356,0.14197001,0.419148813,0.33506538,1.399648249,0.353365752,1.880408654,0.565295903,4.133647045,3.007365131,1.515685859,0.224007735,0.10960818,0.02887863,0.427889263,0,0,0,0.290902524,9.877825779,1.685550972,0.509577884,0.370490404,0.128264489,0.824499262,0.079306172,0.051829891,0,0,0,0,0,0,0,0.220101744,0,0.140669995,0.021436959,0.459181687,0.005834575,0.210422203,0,0,0,0,0,0,0,0,0,0.0292531,0,0.647203859,0.082309052,0.068288969,0.78857153,0.341312333,0.047870204,0,0,0.010783866,0,0,0,0.015464067,0.026297163,0,0.014517867,0,0,0,0,0,0,0,0,0,0,0,0,0.088827734,0,0,0,0,0,0,0,0.040365352,0,0,0,0,0,0,0,0,0.004023298,0,0,0,0,0.014105471,0,0
0,0,0,0,0,0.002768642,0.002943333,0.010008178,0,0,0.010504486,0,0,1.616624413,0.147980672,0,0.278953145,3.111063924,0.060711893,0.017565952,0.000645918,0.003316242,0.003325578,0.004116141,0.039389197,0.379782134,0.149228305,1.41842943,0.687761146,4.274844053,1.473566772,4.184229153,0.209851287,0.08563134,0.050469427,0.248948425,0.057001227,0.280092548,0.401038022,2.598519771,1.742618043,12.06261447,2.233684073,7.879883241,1.754788184,6.240376605,0.441806429,0.339937786,0,1.185528606,0.720397788,3.087964256,0.633391528,2.817575594,1.78269707,7.809501621,2.569344886,8.476760258,2.00277321,7.082317482,0.581523025,0,0,40.55302784,1.930954483,2.527271451,10.93298161,51.12809975,3.124908812,1.639229072,0.524537278,4.581453115,1.100705189,3.864154298,16.33348065,100,8.855501774,2.537897959,0.376719084,1.029870603,2.344454905,13.85292844,1.251104618,1.457170035,0,1.587591671,0.689775239,4.459307549,0.841317198,4.5536106,0.548264043,5.387911858,0.70348027,1.083912921,0.654520884,3.171954073,0.86087379,3.931093565,1.973771168,10.86011573,1.461155616,5.429624429,0.705282837,2.142948801,0.939174382,6.350769433,0.733791854,1.154729472,1.58789554,13.57991368,0.169293511,0,0.523121575,6.536008853,2.801895676,19.70936661,2.443818964,4.133383304,0,0,0,1.767501007,2.418301684,9.89035171,1.538551192,3.670054574,2.039571425,13.50150051,5.624648118,4.00425079,0.872371038,1.995385859,0.761026844,2.853022994,0.260470134,0.378528707,0,0.527219841,0.177263868,0.931966645,0,1.763484418,3.847260296,37.26279283,7.056462478,19.35170795,2.089906315,1.853680278,0.203366376,0.218319413,0.098660523,0.565514629,0.142724082,0.594967506,0.136777013,0.963605062,0.263731385,1.060030689,0.213575415,0.94364259,0.66416463,6.519992828,0.782992367,0.243397432,0.472456045,2.753591082,0.352488517,0.546188347,0.484938926,2.396319128,2.102402779,30.704449,4.441410715,2.795023298,2.800497396,2.971753634,0.45485749,0.130933437,0.020859714,0.394108189,0,0,0,0.403993957,7.758676654,1.467855374,0.730339977,0.76815641,0.687643453,12.64420217,1.778997549,0.323999945,0.043770908,0.305747883,0,0.069948022,0,0.41263439,0,13.94864726,2.234590975,0.429763815,0.112482388,0.671706432,0.050727443,0.202752767,0.017115542,0.488666852,0.056171224,0,0,0.182194164,0,0.131781673,0,0.259453136,0.125361305,13.22104989,2.134671441,0.31993272,0.520444961,0.379698306,0.111502766,0,0,0.838074844,0.117227129,1.109820938,0.201106161,0.153475461,0.032908924,0.211873602,0.025496342,0.139710511,0,0.165770022,0.011428177,0,0,0.077444054,0.027591845,0.047307345,0,0.002975876,0,2.733088128,0.510938075,0.032372677,0.032190585,0.928681729,0.172771788,0,0.002182885,1.493883519,0.338231693,0.550868538,0.101755628,0.014977995,0,0.11768957,0,0,0,0.005066421,0,0,0,0.040813008,0,0
0,0,0,0,0,0.001474077,0.000586616,0.00932884,0,0,0.004773822,0,0,0.733304959,0,0,0.017706064,4.032474205,0.075676209,0.011066012,0.001001748,8.48E-05,0.003190612,0.000581236,0.020382404,0.138984715,0.102745817,1.047364662,0.227215577,1.257291204,0.904697068,2.398054851,0.159412275,0.055244747,0.05005211,0.300468837,0.021206976,0.229708385,0.262553815,2.26565577,1.702261023,13.02244014,2.32748255,8.97356225,2.213678641,8.769863838,0.507214469,0.366326755,0,0.894900602,0.742156411,3.57655897,0.592001031,2.670897781,1.754456492,8.042274711,3.063404192,9.427461919,2.405757259,10.15578437,0.843494186,0.249103168,3.01597127,68.79620038,2.990915461,3.159912757,14.06983535,66.55566431,4.004038136,2.396044619,0.542147538,4.574362203,1.009698071,3.332752291,15.17501591,100,8.762327974,2.170452259,0.299138109,1.345548169,3.06017191,17.30644908,1.418904386,1.566211212,0,1.919004456,0.581589412,4.272396285,0.96140725,6.336050301,0.648654901,7.13868584,0.707516837,0.830694427,0.579837122,3.296344685,0.898777214,4.626572942,1.884419559,10.87133111,1.617214374,6.549400218,0.867565018,2.734462511,1.636832823,11.69554485,0.97414119,1.035696022,1.453254687,14.82745285,0,0,0.667387471,8.275579572,2.337728057,15.88090411,2.118541724,5.37790043,0,0,0,1.861691952,2.397956105,10.40805133,1.357334243,3.099742663,1.822108091,11.7005605,2.89619354,3.878564605,0.815298641,2.313385384,0.575884074,2.955479069,0.199651102,0.200227056,0,0.143162616,0.01549678,0.557339971,0,1.544609122,4.027049025,40.14455877,8.612459271,24.57793037,2.506446001,2.007735516,0.126338925,0.209397555,0.002045337,0.492141437,0.00982387,0.388598892,0.039650652,0.90879904,0.15273429,0.904245742,0.195902109,0.981861481,0.809357576,8.387946752,0.974537776,0.302345541,0.286363629,2.329105408,0.14117394,0.424043747,0.313408634,1.900881752,1.821161706,29.04756979,4.209430042,3.186997872,3.459926841,2.80437502,0.41175297,0.031437038,0,0.167493227,0,0,0,0,7.742939902,1.416326869,0.317513027,0.752698802,0.784320823,16.63732147,2.314026506,0.279363696,0,0.026168699,0,0.039153241,0,0.150761339,0,10.15191238,1.479006429,0.317442716,0.076846231,0.71897408,0.074923935,0.052933779,0,0.51996734,0,0,0,0,0,0,0,0.25344244,0.383178004,16.36780862,2.631863761,0.293218143,0.897320139,0.412112734,0.055513836,0,0,0.481748085,0.087999945,0.454967938,0.01462648,0.097066065,0.009461458,0.267910827,0.027413275,0,0,0.140698936,0,0,0,0.070348196,0,0.002751814,0,0,0.000618828,3.401479401,0.594036806,0,0,0,0,0,0,1.178434259,0.231676194,0.103133115,0,0,0,0.119486363,0,0,0,0,0,0,0,0.027547423,0,0
0,0,0,0,0,0,0,0.00695188,0,0,0.020195759,0,0,1.849949792,0,0,0,3.957432449,0.059613915,0.016831779,0,0,0,0,0.023983011,0.300630036,0.096770825,1.390273288,0.55022705,4.040641352,0.932921104,2.650497904,0.140642033,0.064259341,0.037735428,0.342528664,0.040286617,0.316696059,0.274396804,2.37122534,1.846074263,17.39684641,2.483913743,9.522439513,1.625691186,8.386387238,0.482158746,0.42556055,0,1.242919331,0.739836536,3.87132155,0.582326276,2.962924669,1.666628714,8.905975653,2.737340458,9.767265222,1.738983062,6.522317011,0.534920064,0.015917867,0,56.1643575,2.472147502,3.698025235,11.44762009,63.44803168,4.077849098,3.03184983,0.458426585,5.410190079,0.964314288,3.668957752,12.81349399,100,8.654900428,2.235042821,0.466299358,1.996427109,2.137525997,14.44517282,1.173063295,1.91668013,0,2.06245345,0.611296506,5.377627195,0.755716991,5.308102568,0.423067451,5.888907475,0.62301178,1.118020239,0.511110143,3.92518524,0.884244809,5.428236791,1.675447282,11.77328656,1.500608702,6.858482827,0.79975104,2.51712658,0.973512998,9.239052001,0.782925921,0.818581756,1.01588374,14.15973817,0.3526709,0,0.31968424,7.892754881,2.901119064,26.62111147,2.930443981,5.068150409,0,0,0,1.919654164,2.169771524,11.64708584,1.631273029,4.432152905,1.589552604,12.30985316,3.945107956,3.862502884,0.654297637,2.14237877,0.513621149,3.150999707,0.079964525,0.259511977,0,0,0,0.4527359,0,1.752165572,4.30165342,58.91791969,8.7350795,20.42445951,2.062381285,1.894319392,0.160673698,0.115323552,0.000517071,0.611872953,0.081698344,0.486103106,0.057274055,0.848294613,0.172659837,1.004914673,0.154469556,0.913491038,0.654262608,9.944296371,1.137421502,0.291371167,0.249641268,2.360243452,0.132059006,0.436690318,0.138222714,1.714730397,1.778703975,44.98199365,6.255992548,2.597958808,2.662568691,2.746146608,0.371172402,0.024422254,0.001613036,0.208076891,0,0,0,0,6.127497225,1.211946911,0.472389847,0.700339611,0.512985016,18.16729669,2.43754938,0.305212236,0,0,0,0,0,0.313531839,0,18.94891782,2.873197318,0.459904375,0.054096334,0.762719696,0.034634301,0,0,0.448347245,0,0,0,0,0,0.072279648,0,0.209030379,0.001122135,17.46720291,2.904970939,0.288036415,0.528790851,0.317324749,0,0,0,0.645734583,0.018251079,0.855574997,0.118071199,0.111411949,0,0.381308821,0.050531951,0,0,0.160679803,0.004766254,0,0,0.051162825,0,0.07325695,0,0,0,2.713188944,0.542471759,0,0,0,0,0,0,1.097032746,0.211988575,0.202864177,0.021217876,0.005206187,0,0.153940266,0,0,0,0,0,0,0,0,0,0
0.001076533,0.004762177,0.001135946,0,0.001540717,0.000821755,0.000315076,0.011770181,0,0,0,0,0,0,0.05152999,0.481591924,0.341546452,3.00106124,0.07558245,0.019856308,0.000527386,0.000900179,0.001824804,0.014160338,0.040909786,0.344262109,0.16615478,1.402666803,0.581233633,3.463833301,1.523493754,4.976461438,0.23774438,0.059170714,0.044088983,0.329053802,0.049040767,0.349053161,0.275650141,2.198562419,1.107848756,8.15605096,1.611104649,7.918293591,1.518868062,8.546736441,0.510583605,0.498849805,0.199703728,1.368378371,0.736273827,3.957080656,0.582818274,3.160891017,1.442701314,7.377260143,2.71201565,8.367693732,1.672884566,6.287744186,0.80957296,3.763753195,6.276027913,59.74369829,3.217841986,4.242045863,7.993191769,44.37238576,3.097057173,2.73294672,0.976072359,4.989678083,0.908117103,3.945619388,12.52622108,100,8.884076808,2.208644249,0.463317488,2.225182959,2.245134434,14.62651763,1.382811254,1.574792019,0.405219844,1.840352244,0.436855436,2.428936039,0.798736358,5.213958455,0.844113583,5.883761097,0.710051971,1.599708001,0.691693924,3.44110428,0.763751112,4.167869233,1.815118409,10.06835917,1.195128106,4.397958066,0.643708724,2.401988322,0.856712341,7.611545894,0.899593999,2.239312718,1.381471314,14.11479518,1.612775817,1.496839684,1.016934175,6.940164617,1.619156171,8.835806784,1.312114069,4.431456009,0.665669211,0.866123332,0.420711928,2.17098489,1.887048284,8.891315011,1.248122122,4.240216856,1.603040603,11.63448273,0,2.351951443,0.409619271,2.003610368,0.582697822,2.69721526,0.383343929,0.830434362,0.256958852,0.759527171,0.258487412,1.022265897,0.224389395,1.435308441,2.09208331,24.76259942,5.339909788,21.89756064,2.060388711,0.749621956,0.100855849,0.339941624,0.104097622,0.622935965,0.177950992,0.693055203,0.147387639,0.895507864,0.118902922,0.327810859,0.089000575,0.914854603,0.439371529,6.205612869,0.859729879,0.381516098,0.045060514,0,0,0.433229293,0.221089301,1.508112273,1.303946502,28.96199091,4.181289559,2.501952682,1.792169241,0.981584826,0.193220159,0.061072637,0,0.298820003,0,0.154365046,0,0.99793434,4.836403596,0.909908409,0.34018291,0.679834847,0.479649457,15.65776206,2.19165163,0.425851404,0.089138127,0.262475305,0.033734296,0.19843372,0,0.563383758,0.311286294,17.12731797,2.853551315,0.464418475,0.105166694,0.409083057,0.062271287,0.108490414,0.031406689,0.484485031,0.125326409,0.109468827,0,0.138774842,0.040862753,0.180116282,0.065350272,0.398919678,0.283353103,18.2170374,3.025662079,0.473367952,0.730214265,0.437618349,0.074134918,0.055060879,0.035974383,0.667893027,0.116671044,1.233433778,0.276933102,0.203242719,0.094163595,0.412893587,0.111291875,0.074262841,0.017981536,0.249023329,0.05794517,0.027511369,0.018351,0.06452058,0.023865057,0,0,0.03943208,0.009627987,2.869182581,0.618607499,0.12692321,0.030526023,0,0,0,0.004261888,0.993489998,0.276784105,0.26060473,0.054633077,0.056960737,0.004550118,0.193686062,0.049829049,0.033891479,0.02627343,0.026276865,0,0,0.003237218,0.027788083,0,0.016588545
0,0,0,0,0,0,0,0.005769184,0,0,0,0,0,2.146679451,0.078397372,0,0.136911424,3.967455622,0.076030031,0.01207471,0,0,0,0,0,0,0,0.480269558,0,0,0,2.50104035,0.087516657,0.061977691,0.03211575,0.211815594,0,0,0,0,1.863371569,18.86227459,1.051678873,0.099536919,0.514712381,5.22342046,0.317616936,0.158430858,0,0.211375979,0.109081728,0.120031154,0,0,0,1.242662594,0,0.389319811,1.018282657,8.313995307,0,0,0,40.50364284,0.222845672,0,10.5796317,49.89486832,1.801063648,0,0,0.301856392,0,2.471442114,15.47667043,100,8.155136999,0.6121488,0,0,0.767035843,5.236815432,0.130802114,0,0,0,0.241816361,3.216630459,0.382822236,2.420879119,0.296954389,4.272742164,0.236821521,0,0.074480463,1.047141944,0.301771713,2.143744022,1.187202367,6.744124835,0.911698209,4.020681512,0.441006138,1.302766322,0.872751303,6.520784746,0.532213388,0.318543801,0.71087902,7.363265561,0,0,0.726720207,7.052316741,2.259035847,14.33233346,1.696939612,3.212874033,0,0,0.172018212,1.492355125,1.259489298,4.670579602,0.781619855,2.543751053,0.928538516,6.635417951,8.051616583,2.579444113,0.740114151,1.115906839,0.580760502,2.549791741,0.299058091,0.383146291,0,0.460408148,0.189470898,0.761389966,0.250718013,1.389256628,3.495732446,33.18439222,5.997564736,14.40235891,1.478114041,1.308743962,0.170179175,0.225049569,0.11358301,0.44489347,0.114671013,0.443740528,0.135566826,0.574601162,0.163100591,0.832626333,0.143326741,0.666952835,0.647888283,6.69966654,0.783899662,0.308663281,0.393570161,1.939597236,0.501520244,0.516404503,0.747222459,0.768615983,2.09161076,35.49332034,4.897743805,2.151144648,3.708716922,2.716971345,0.453893543,0.15990908,0,0.224107479,0.092841355,0,0,2.956653695,23.34672491,3.385841676,1.46240341,0.635905591,0.715669951,14.4478849,2.007252315,0.317918572,0.082131502,0.49219478,0.080606622,0.117169762,0.009652104,0.295822981,0.1820666,16.62761713,2.63320697,0.543323418,0.134482016,0.821258302,0.128298047,0.134309807,0.004148336,0.495417864,0.060725683,0,0.025280264,0.111428323,0.011969079,0.142551325,0.023909236,0.176366108,0.326420689,14.35790467,2.233726676,0.332735394,1.011213355,0.513777962,0.071255759,0.029715212,0.002991207,0.427439448,0.057953405,1.020030758,0.178980334,0.142027822,0.07499558,0.240327447,0.039195712,0.097931187,0,0.213528212,0.024914288,0,0,0.054446157,0,0.110960904,0,0,0,2.931117852,0.563564078,0.120614459,0.010254832,0.847718168,0.13257837,0,0,1.462008271,0.281153026,0.481644389,0.104359788,0.025947136,0,0.1176104,0,0,0,0,0,0,0,0.002330385,0,0
0,0,0,0,0,0,0,0,0,0,0,0,0,1.13429665,0.020265677,0,0.180626899,3.213265466,0.044099843,0,0,0,0,0,0,0,0.004946293,0.909242019,0,0,0,5.168436935,0.14980412,0.009068537,0.012157757,0.244540975,0,0,0,0.302382013,0.023030413,9.146642864,0.810454398,1.646910973,0.80655788,5.868031012,0.324846794,0.353700007,0,0.762750605,0.373582324,1.278858044,0,0,0.073072913,2.69593032,0.715552828,1.425540003,0.890976053,7.711618008,0.089042993,0,0,51.19078079,1.813183516,0.585061437,8.445609123,40.24222229,1.812245337,0.463426199,0,1.407388658,0.248086201,2.811311756,15.10765742,100,8.223984691,0.944882795,0,0.415297449,0.912495224,5.93863612,0.322251336,0.341030323,0,0.339371238,0.26770031,2.852732682,0.548712502,2.943187166,0.63671834,5.747585022,0.509934055,0.813147494,0.274005872,1.589790568,0.44360166,2.544225629,1.579249583,7.937308761,1.067482047,3.770341423,0.486325352,1.579641234,1.033496769,7.45300426,0.704921661,1.169035334,1.273106295,10.95468109,0.38446354,0,1.021697026,6.976456726,1.897176109,10.89211349,1.568891561,3.673826083,0.003720052,0,0.142293691,1.923443674,1.790890121,5.974168927,0.903565896,2.640146417,1.221601805,7.698133599,6.589145788,2.559507266,0.746259657,1.377315784,0.666033197,2.451799968,0.341309366,0.690587792,0.089726673,0.728226206,0.256867856,1.019439374,0.338148939,1.438324303,2.345857415,22.17102524,6.093593119,21.74279607,2.114084752,1.493640343,0.174757095,0.25412811,0.12839826,0.668007004,0.156090182,0.61338292,0.167643804,0.790221126,0.145435591,0.734822713,0.160272205,0.884985451,0.583667483,5.70645386,0.695346492,0.392078189,0.435679901,2.026371991,0.550109623,0.675205939,0.671359217,1.01046806,1.560707918,25.35748012,3.624191553,2.58152711,3.662175956,3.131912874,0.503382639,0.231001158,0.010113121,0.35210938,0.071008522,0.143558557,0,3.144261942,22.67553915,3.618787684,1.410970098,0.882738584,0.660346318,12.66414999,1.741797777,0.422381352,0.122493722,0.679651486,0.155109559,0.318451628,0.071424437,0.469206825,0.241027413,16.42436387,2.640013514,0.568250811,0.145868452,0.722621568,0.122957815,0.240848078,0.026750565,0.990462648,0.204254168,0.13550087,0.054618148,0.253538935,0.009690896,0.213753791,0.036022394,0.348974576,0.409050394,15.59224863,2.492724687,0.448521413,1.182158299,0.668601933,0.131310937,0.104558027,0.017393715,0.830357442,0.120918169,2.064540344,0.360892317,0.195339399,0.066019931,0.280950891,0.030495064,0.224594638,0.035755823,0.254510135,0.019221108,0.044652078,0.008877362,0.282718365,0.046682851,0.447556996,0.103653598,0.042903046,0.02415674,4.236387249,0.803916603,0.147627908,0.009349949,0.238577713,0.035123996,0,0,3.883999452,0.810165269,1.347162886,0.278676514,0.051143618,0.004934477,0.124009051,0,0,0,0.011484328,0,0,0,0.011576428,0.015887049,0
0,0,0,0,0,0.001041712,0,0.010419733,0,0,0,0,0,1.194324262,0,0,0,3.289615581,0.059789422,0.004702661,0,0.001672185,0,0,0,0,0.00150077,1.008521739,2.291010007,17.42588564,1.334275025,3.20599158,0.118763655,0.038033938,0.026839068,0.227125818,0,0,0.008553578,0.830131107,1.732757021,15.73660985,1.567497074,2.395283454,1.050478678,5.619297786,0.347614947,0.150611628,0,0.481020089,0.312219282,0.703462142,0,0,0.477355321,3.399521995,0.716442018,3.248532298,1.690819654,8.883692997,0,0,0,34.50284057,0.151537495,0,10.66505882,50.23688724,1.834041,0,0,0.738995603,0.205025876,2.305741528,15.32223755,100,8.011138952,0.573943664,0,0,0.707263396,5.066947188,0.243178139,0.136753873,0,0.32979406,0.253865084,2.926598691,0.221362299,2.039308563,0.24601419,5.017527903,0.428002737,0.422733717,0.205003441,1.438917235,0.344611587,2.487556473,1.230745989,7.618428333,1.104511026,4.431692037,0.471631441,1.492133591,0.927458989,6.846612855,0.41225712,0,0.914935311,9.744893522,0,0,0.643651124,6.986635421,2.171946912,12.84772303,1.744005275,3.505417281,0,0,0,1.5132779,1.580965434,5.687359331,0.875872333,2.442775831,1.152504774,7.465781552,8.210196917,2.763530579,0.86681016,1.324875622,0.716004315,2.269988319,0.235353609,0.29331675,0,0.27557462,0.105465302,0.816432061,0,1.473283891,2.885568202,27.22476421,6.280665242,19.05051238,2.033555039,1.620067808,0.195359573,0.190151523,0.090380393,0.574410979,0.108230821,0.51595524,0.116644711,0.661378061,0.199143796,0.873486055,0.193009465,0.804721367,0.605247937,6.075508388,0.754090222,0.329057077,0.527594227,2.562052464,0.388819215,0.522029847,0.614411326,0.90366256,1.733766206,27.53187928,3.965037123,2.4936754,4.036836701,3.428935651,0.541880191,0.162682975,0.036275033,0.249753997,0,0,0,2.140313606,19.92670604,3.016146328,1.357705824,0.80079381,0.695323913,12.01532888,1.660578074,0.289846518,0.069455606,0.361255638,0,0.175627629,0.02960511,0.324250273,0,16.25487049,2.548281011,0.495398548,0.144146953,0.919620166,0.123652843,0.168679008,0.031187955,1.026023026,0.147365744,0,0,0.158464306,0.004268613,0.161151838,0.029180149,0.258264267,0.168526419,13.19809807,2.193206559,0.283778676,0.922259886,0.504349032,0.06078229,0.032280918,0,0.746585239,0.117405989,1.764701816,0.248908971,0.13671402,0.048972141,0.223351542,0.023162654,0.318687012,0,0.227577442,0,0,0,0.194767988,0.038134168,0.709423552,0.107362755,0,0,3.836028122,0.743403537,0.0897496,0,0.309055089,0.076189088,0,0,3.980145762,0.834150985,1.472144068,0.281807383,0.076097288,0,0.119257042,0,0,0,0.027936578,0,0,0,0.072334555,0,0.012684826
0,0,0,0,0,0,0,0,0,0,0,0,0,1.665916974,0,0,0,3.867088171,0.068045473,0.010362632,0,0,0,0,0,0.114018959,0.129440541,2.012596923,1.680693325,12.48349213,1.457379646,4.870058188,0.16801502,0.06293641,0.043856336,0.30633541,0.004983311,0.01126748,0.110867927,1.248555056,1.970007964,17.11137234,1.849870363,4.337722939,1.579157838,8.618881606,0.472075324,0.219184819,0,0.600630841,0.551059116,2.077260877,0.053378552,0.486475531,0.70140916,4.134438945,1.311183419,5.019533379,1.942576481,9.549042172,0,0,0,62.19647344,1.586497003,0.024322398,10.83356432,50.6229914,2.13609262,0,0,1.560316981,0.274250829,2.645303792,15.53787099,100,8.139268337,0.464608227,0,0,1.462734564,8.546520616,0.469637194,0.458302171,0,0.592023254,0.405464556,3.709144535,0.610342802,3.596209751,0.484770861,6.416627128,0.483047584,0.345298053,0.314070273,1.927793259,0.556275625,3.13207423,1.691073343,9.703336657,1.360314555,5.179739586,0.696632015,2.119777197,1.46822987,10.88333232,0.882002957,0.720737723,1.172440316,10.95094652,0.00090421,0,0.962394228,8.188467493,2.619979696,15.86064132,2.19683446,4.596611282,0,0,0.074264873,2.264372332,1.958806909,6.606132157,0.979493402,2.659161332,1.216289149,8.037324061,5.260627196,2.655499992,0.629935946,1.726232782,1.028105135,3.314600254,0.285557226,0.521915325,0,0.395437316,0.207706676,0.832040668,0,1.431011906,3.036351289,28.23918349,7.305812703,23.48615961,2.457077504,1.88486407,0.20600242,0.151521956,0.06308134,0.579473972,0.094998913,0.518670404,0.132828419,0.812205236,0.153948151,0.785656677,0.172845704,0.764916403,0.696682391,7.020954964,0.832378575,0.349549824,0.36424416,2.193019384,0.415848087,0.642193651,0.526931311,0.8148407,1.368914654,22.71981301,3.287820652,2.636830573,4.227934621,2.726057848,0.48556914,0.103670254,0.005378145,0.262052048,0,0,0,1.694884024,16.98175927,2.614107322,1.081187304,0.914486682,0.821776146,14.40541252,2.128098275,0.26876413,0.088220326,0.337749529,0.004508122,0.038839221,0,0.204947258,0,11.20156748,1.668063361,0.425655477,0.124213667,0.923055528,0.097288755,0.100773575,0,0.5833588,0.07732049,0,0,0.135711039,0,0.054085881,0.005632232,0.315813779,0.372039761,19.84619008,3.23835739,0.510153151,1.496237973,0.71937574,0.103639147,0.039087598,0,0.517613119,0.05288963,0.929579969,0.178929649,0.093827944,0.108215321,0.374727216,0.042740186,0.165041032,0,0.36813477,0.028787276,0,0,0.07339143,0,0.244782891,0.022106223,0,0,4.347325622,0.84406394,0.068420568,0,0.671331202,0.105092838,0,0,1.894490535,0.375818478,0.431350363,0.087907336,0,0,0.218268197,0.030692702,0,0,0.01046611,0,0,0,0,0,0
0,0,0,0,0.000319003,0,0,0.003604828,0,0,0,0,0,1.494732855,0.239983492,0.579689707,0.211917483,2.294995058,0.034355333,0.007874007,0,0,0,0,0.015307503,0.38674318,0.109217835,1.817681178,0,0,2.194791951,19.99778785,0.523486934,0.147574429,0.028442897,0.192062285,0.003419502,0.255859124,0.030155159,1.123723338,1.134808784,8.863590459,1.70629372,9.333712067,1.633428084,6.401957767,0.2530139,0.226043639,0,1.275236475,0.436066541,1.87372548,0.018511303,0.673745544,0.627848201,4.748377009,1.406874482,5.915498639,1.732865401,10.88782092,0.605832929,0.169044385,0,50.54002291,1.646118379,1.386113201,7.424144024,48.47776768,2.291858186,0,0.37947798,5.262253541,0.422987853,4.560149326,11.91569188,100,8.547953694,1.938421688,0.004727453,0.594601577,1.483669369,11.68522186,0.834299673,0.971375568,0.022150306,0.690577571,0.358586646,3.856739039,0.646712916,5.539582909,0.53014002,7.573782082,0.723529434,0.874101656,0.344552932,2.26910102,0.456958017,3.279960893,1.766010378,13.78534373,1.265521409,4.378866821,0.526005056,2.227643699,0.801601217,7.69140191,0.789467091,1.239157607,0.707722942,8.577682074,0,0,0.633360442,7.926199619,1.92708093,16.1108981,1.792285251,4.950454739,0.551777402,0.691556323,0.158745214,2.028963179,1.368739142,6.512966463,0.922441316,3.127351237,0.830507069,6.563783149,7.425436671,3.643868035,0.806229799,1.713296122,0.72333576,3.358033641,0.475946722,0.812380783,0.03265123,0.84479148,0.221171517,1.058473957,0.370982629,1.895232781,1.986415169,27.96185091,5.776284202,26.6487103,2.581520928,1.86985917,0.203661802,0.354020753,0.107105773,0.587899294,0.140263225,0.680607937,0.147959522,0.575119315,0.159815514,0.85793335,0.154891455,0.751881077,0.397524286,6.54867067,0.810611368,0.318685836,0.367450035,2.457105534,0.50004299,0.49823848,0.620637979,1.020835894,0.764726057,19.19379505,2.688214981,2.753397511,4.864727336,2.816751559,0.540766285,0.123688701,0,0.292798018,0,0,0,0.781630161,18.02222378,2.527999096,1.034405878,0.664176317,0.434510798,12.62473779,1.756305073,0.313857422,0.038513215,0.332007831,0,0.001078964,0,0.243004061,0,7.6811715,1.153418567,0.412521576,0.036951889,0.866222169,0.109161197,0.113994775,0.02822818,0.336882173,0.052612581,0,0,0.01867291,0,0.02585539,0,0.152786749,0.055609047,12.1350928,2.02277713,0.266395795,1.63502452,0.651435857,0.113514049,0,0,0.251263016,0.024869293,0.30497435,0.022591437,0.117258353,0.059301114,0.164734417,0,0,0,0.078176337,0.019685096,0,0,0,0.002284688,0,0,0,0,2.202638452,0.447669805,0.017339118,0,0.639638273,0.070047499,0,0,0.606547085,0.124606573,0,0.000518499,0,0,0.077095566,0,0,0,0,0,0,0,0,0,0
0,0,0.003810648,0.002679386,0.00393819,0.00546536,0.005531776,0.006969084,0.001852554,0,0.002168353,0,0,1.361265244,0.316020228,0,0.392605096,5.436698275,0.120422559,0.024031823,0.003918818,0.001877001,0,0,0.015489255,0.364026633,0.102837658,1.371576139,0,0,0,5.474563305,0.299411892,0.140956345,0.079005893,0.55226118,0.048063787,0.468323114,0.227789261,2.682128546,1.412419375,21.64798697,3.2502951,14.25056161,3.224437372,10.95608033,0.689234682,0.371117052,0,1.037300642,0.776759851,4.246951601,0.27885417,2.448521757,1.282137199,9.849306929,2.608519502,8.887024529,2.179346792,13.91448414,0.76640785,0.639712363,0,100,4.028360144,3.069657477,13.72360304,90.27405751,4.854209854,2.352784618,0.354606731,5.171216623,0.966362496,2.101249883,9.864375684,94.51034981,8.354620858,2.930701938,0.040954316,1.471036613,2.532855188,19.12847759,1.501565341,2.53425362,0.239642009,1.471677756,0.828885466,7.199699208,1.44543024,9.868004603,1.033313351,12.13346294,1.19921364,2.532984169,0.784054813,3.928651357,0.911703835,7.146030321,3.584049371,25.79677855,2.667259313,9.054887123,1.163133074,4.262778465,1.731215732,15.42348652,1.7292702,2.622194979,1.188124873,15.01208751,0.081459204,0,0.708697794,14.35743917,3.719520208,30.99146974,3.870761737,9.158785321,0,0,0,3.79893324,2.850620789,14.50496578,2.113410009,6.113572066,1.762897901,12.06986138,11.3031198,7.495115584,1.444306072,3.426772225,2.441165537,7.576065462,0.977353086,1.455055388,0,1.34756092,0.467121741,2.449733556,0.403142898,3.796309743,4.927422786,74.7799215,14.10965943,56.44974308,5.623763689,4.230961376,0.522578182,0.630080902,0.26072965,1.339426924,0.301457535,1.269291281,0.232445345,1.419848237,0.376138626,1.91294859,0.331466517,1.91446542,1.033326062,16.555117,2.083015062,0.879109931,0.879975138,6.484869063,1.216207246,1.280693249,0.683044021,2.717276835,2.190519453,56.72858562,8.150826099,4.518220081,8.332925168,6.667022018,1.166769809,0.357171149,0.035276888,0.627646589,0,0.068902327,0,1.287788363,24.51014128,3.957931117,1.814022125,1.764272896,1.349460678,29.90274492,4.298789211,0.804336884,0.149227486,0.796510991,0.090200846,0.251722341,0.09303229,0.85823633,0,18.73711759,3.087386531,0.961305188,0.234422727,1.940853914,0.313638281,0.262294425,0.049122142,1.052500449,0.101061237,0,0,0.456445607,0.040718309,0.239316881,0.020204477,0.686076967,0.55577366,24.44492124,4.328813089,0.599385192,2.567626318,1.398426772,0.203415501,0,0,0.881000355,0.120563071,0.243840785,0.126837035,0.304864473,0.150749573,0.567678215,0.112307428,0.955609731,0.024392108,0.46083012,0.0066286,0,0,0.208601805,0.011259256,0.844191295,0.172760009,0.087374678,0,3.987784443,0.914605601,0.244533698,0,0,0,0,0,1.340087855,0.315365874,0,0,0.001495281,0,0.294905435,0,0,0.021158077,0,0,0.010608472,0,0,0,0
0,0,0,0,0,0,0,0.002249286,0,0,0,0,0,1.551743469,0.225144033,0.310824257,0.225883234,2.237063209,0.032080869,0.009932331,0,0,0.004506437,0.010522142,0.061225975,0.696014766,0.27822082,2.65256956,1.935304499,16.48951841,5.581243316,33.92435348,0.988827453,0.241582978,0.0346388,0.210096946,0.033332406,0.416287707,0.210988222,1.679853169,0.908839688,7.261784696,2.056662524,10.35119057,2.006532929,7.279396265,0.412005053,0.405164327,0,1.573079192,0.722831375,3.071518932,0.376241883,1.826415137,1.165686452,6.615110301,2.075394121,8.135337611,1.902488371,10.80441035,0.842451686,1.13975793,0,45.77776764,1.690719419,2.524135256,7.517359964,49.28849449,2.73219647,0.892828413,0.441113975,5.364903927,0.851954207,4.507867363,11.45951754,100,8.677825348,1.498792093,0.133142863,0.573265214,1.338767393,11.50267682,0.828801854,1.23699127,0,0.885463491,0.416430753,3.949007239,0.637474369,5.03377978,0.310362631,6.934470497,0.760192536,1.095143138,0.413732896,2.307679187,0.48790877,3.734987996,1.701560979,13.1126632,1.258327259,4.51496862,0.550356888,2.09866309,0.83685601,7.397512314,0.623332888,0.725819561,0.431069808,7.810535166,0.021697043,0,0.450263423,6.73940513,1.788798245,16.22507143,1.915559598,4.311290012,0,0,0,1.508897792,1.351741548,7.004440203,0.913447419,3.176869817,0.851672527,5.745183934,5.241731561,3.204120668,0.612201312,1.533139936,0.850045017,2.626635576,0.216268159,0.459468925,0,0.448611241,0.1533302,1.004301426,0,1.739120591,1.736174362,26.44688011,5.247764203,25.42615386,2.508169481,1.817621696,0.176456818,0.19261877,0.069356513,0.517982936,0.102413518,0.697057006,0.123234222,0.627537161,0.12670234,0.689746854,0.098827143,0.650094243,0.35633863,5.293075377,0.660742274,0.231037378,0.24824608,2.647714663,0.2455483,0.371599517,0.319470784,0.993752833,0.617294766,18.11016531,2.57638344,1.752962227,3.90560791,2.651735291,0.451893148,0.127719065,0,0.271978134,0,0,0,0,13.21611004,2.0961833,0.867428063,0.630627234,0.476873914,9.802944294,1.453460627,0.152318535,0,0.240514939,0,0,0,0.207083607,0,7.186361837,1.097767322,0.351433656,0.068810726,0.765034015,0.047026505,0.065765403,0,0.306227582,0,0,0,0.107805709,0,0.046510544,0,0.139660469,0,10.08582858,1.766827148,0.176417309,0.945345857,0.54879462,0.093248631,0,0,0.310272359,0,0.358410223,0.019917188,0,0.000118194,0.133617947,0.002387553,0.232731695,0,0.058963926,0,0,0,0.035953737,0,0.136087676,0,0,0,1.968684853,0.450083547,0.021762628,0,0,0,0,0,0.603705503,0.102690015,0,0,0,0,0.068579908,0,0,0,0,0,0,0,0,0,0
0,0,0,0,0,0.003364264,0.004518862,0.015186676,0,0,0,0,0,1.617748442,0,0,0.204955227,4.679700438,0.077334582,0.024643826,0.001966516,0.001009006,0,0,0.021435313,0.24866311,0.004541952,1.427184976,0,0,1.14470513,5.137338835,0.279996528,0.14758268,0.074507544,0.548257612,0.04256617,0.312650928,0.2006689,2.175290756,1.893512639,20.33145884,3.021919605,13.4001364,3.299998904,10.14527119,0.57228482,0.394560594,0,1.170590274,0.957074188,3.913149329,0.33352967,1.799651269,1.702096684,11.1307485,3.365740339,12.83295268,2.944945405,15.5651611,0.640340929,0,0,66.48971868,1.961875918,1.316784056,10.11217394,64.82413231,3.36627763,0.486656732,0,5.495715413,1.195802774,3.087396386,11.05228904,100,8.689916591,1.787199327,0.156093229,0.819919996,1.925678717,14.92396959,1.254967214,2.127865415,0,1.254570004,0.580529649,5.6561464,0.850383784,8.184488261,0,9.68292637,1.115948205,2.107785887,0.542227565,3.182599737,0.838918077,6.485535226,3.133153402,26.26564937,2.464054459,7.57383629,0.952113535,3.604398239,1.22710096,11.68848945,1.083813627,0.708422838,0.604339109,13.91340376,0,0,0.357580752,9.148641475,2.651955202,25.8283236,3.105380796,7.908961604,0,0,0,2.34800645,2.432366261,13.68573506,1.816313108,4.747001692,1.395410104,11.34983725,10.88296972,7.150608799,1.294995429,2.915981433,1.290954925,3.941806106,0.270412267,0.540256832,0,0.576078918,0.11901372,1.298182348,0,2.811843644,3.076507022,49.38619145,10.67732295,56.14014463,5.439568542,3.90441666,0.435055006,0.424392175,0.093996776,0.949224767,0.199597099,1.038677448,0.091600125,1.066556899,0.314017119,1.850035735,0.223552447,1.290533089,0.604417945,9.704983111,1.143837178,0.368004291,0.570223146,6.53351265,0.77269986,0.801380714,0.639942659,1.961492624,1.450750867,40.01243863,5.591378961,3.176423667,5.085503452,5.607421314,0.808034153,0.145033288,0,0.315282733,0,0,0,0,19.28583875,3.032319815,1.287633569,1.44945541,0.833297273,16.18972234,2.205668804,0.297539722,0,0.478870778,0,0,0.010900454,0.589379417,0,18.2865586,2.840509048,0.656010416,0.082975273,1.11359116,0.070914113,0.116783555,0,0.715506941,0.037519163,0,0,0.370257667,0,0.062870204,0,0.363737847,0,14.41975958,2.52634891,0.282651382,1.064916333,0.834229387,0.109435412,0,0,0.89480559,0.080318663,0.443062719,0.018412422,0.091844598,0.06142608,0.227538715,0,0.704096983,0,0.068142639,0,0,0,0.237624235,0,2.128552165,0.312561441,0.022828757,0,2.618269871,0.529729075,0,0,0.435741565,0.029447112,0,0,1.616496989,0.384510235,0,0,0,0,0.092202283,0,0,0,0,0,0,0,0.024733853,0,0
0,0,0,0,0,0,9.87E-05,0.003271432,0.00098671,0,0,0,0,1.258016958,0,0,0.445782772,3.959889915,0.089976904,0.016267609,0,0,0.000228785,0.004563616,0.002860664,0.065140259,0.120565443,1.399189176,0.424641242,1.763608593,1.21294831,2.112828201,0.102290519,0.061907663,0.062973797,0.32186651,0.028218944,0.176122633,0.341078878,2.633997402,2.265441075,17.05426479,2.05783856,3.875260486,1.96114246,7.208939396,0.438742402,0.221594774,0,1.596563795,6.007490659,7.884669394,1.073972995,3.727433345,1.985666551,7.233847013,3.148400346,7.158382914,2.19418376,7.929240307,0.711969377,0,1.071941842,56.66719546,7.726863044,10.8232503,15.8812087,61.90793541,4.275695282,3.5274206,0.074446225,2.042205569,1.045215156,1.976981811,18.39449978,100,9.183139985,3.910279865,2.99888456,4.508993679,5.478145002,22.60930345,2.44471791,3.349770813,0.293672531,0.900775113,0.451288259,2.290735724,0.986310558,4.499082733,1.77722904,8.533507281,3.505475168,4.449915512,3.175842467,11.44020345,1.929933413,3.787834228,1.176549878,4.143647596,1.520193043,4.450000281,1.16045417,3.574550189,2.491501009,9.156268077,3.859544467,6.31029442,4.07048962,16.34787811,0.845979549,0,3.731910259,24.85062192,4.427666112,9.717359957,2.845836742,9.015909762,0,0,2.447039661,6.500131655,4.451768351,11.22028962,2.639814756,3.24929881,1.642881451,6.780537867,3.015475281,6.126043366,1.975592859,5.558829335,1.582636579,3.370589633,1.193489174,1.541269841,0.06311199,1.742588815,0.633049804,0.918673566,0.274784526,2.452351111,2.43211521,14.26568168,3.34069701,7.692193657,1.319030533,1.92706668,0.513822096,0.728518338,0.310534451,0.85506555,0.228832903,0.540917847,0.208704275,1.170824845,0.363253199,1.266783684,0.416138124,1.56615581,0.738384816,3.1652534,0.467896711,0.525171572,0.687960542,2.51206082,0.431888027,0.524076004,0.446140553,1.354198951,1.644013243,12.81753234,2.211791452,3.755049737,4.304520023,2.814218486,0.534221821,0.350121087,0.057680805,0.546343767,0,0,0,1.207064773,10.82648435,1.695443743,0.720737668,0.59023661,0.571889617,5.196305096,0.786249793,0.352289185,0.040060011,0.096963226,0,0,0,0.064744774,0,4.888153976,0.666971362,0.32699783,0.083519702,0.82832994,0.090797215,0.221257812,0.017756997,0.292466034,0.046261181,0,0,0.064649632,0,0,0.034931839,0.106715154,0.26225194,5.543631675,0.839458347,0.290196216,1.313073159,0.482193694,0.112655203,0,0.003341854,0.246552644,0,0.081819062,0.041677912,0.180305666,0.099010519,0.053119998,0,0,0,0.091646334,0,0,0,0.06123452,0,0,0,0,0.017088856,1.466548099,0.250566869,0,0,0,0,0,0,1.111329895,0.20851731,0,0.003283642,0,0,0.003487242,0,0,0,0,0,0,0,0.031369855,0,0
0.016485014,0.004049355,0.001380551,0,0.00097798,0.00069132,0.000946032,0.011851251,0,0,0,0,0.706231338,0,0.170924299,1.426816548,0.424801495,2.023430376,0.051203025,0.008405535,0.000781567,0.000734741,0.005616697,0.024137988,0.030639417,0.208702229,0.156294241,1.001414885,0.980611265,5.524545912,2.4533051,9.550026163,0.302592393,0.088984186,0.044545186,0.237437151,0.034242531,0.188539989,0.162982473,0.930339101,0.37920132,0.290941563,0.982129161,3.931313334,1.593698665,6.402572825,0.37845742,0.333512575,0.402742507,2.184186869,5.589019549,6.371713307,0.475882421,0,1.015329186,3.952714844,2.457559261,4.380190511,1.180823464,3.724347733,0.796049147,4.097487729,9.162081933,46.22747338,7.009476397,10.78261189,7.552878431,29.55637466,2.244836806,0.86489651,0.963292118,1.401099364,0.770948955,3.441742605,18.44684407,100,9.585638589,3.903857248,3.343679475,7.31215301,4.558711385,17.63080445,1.841960784,1.654996388,0.558678448,0.818110135,0.286618614,1.217289642,0.498407959,3.289269762,1.764952204,7.544460051,3.464141114,6.358441805,2.987789902,8.850127464,1.474017778,2.814405883,1.122753575,2.785647575,0.849688445,2.495692198,0.688799732,2.39847296,1.850338697,6.696923826,3.358928144,6.99649396,3.772452645,13.73020453,2.25006295,3.343182621,0,0,0,3.393015996,1.74518514,6.379621384,1.807872891,3.558163343,2.442114147,5.176176548,3.398610536,8.642370682,2.051940241,2.597626846,1.475825089,4.358786318,0,3.290470273,1.155072195,3.966853051,1.152938804,2.63576307,1.052314264,1.646791858,1.036059691,1.996586909,0.652146892,1.180448407,0.648748069,1.477803921,0.686668522,3.734611163,1.659376641,5.719546499,0.828001004,0.895497646,0.357532766,0.690931548,0.279219776,0.673650376,0.245024902,0.54861837,0.238246783,0.851897214,0.17078869,0.359648025,0.176459229,0.532948771,0.398645638,1.907112081,0.351360486,0.474328714,0.032905697,0,0.201091236,0.500419826,0.273261267,1.242920422,0.431283181,0.899139284,0.414606451,2.412363379,1.976445163,0.758750909,0.286221847,0.299278712,0.090069463,0.650262916,0.148620946,0.409696321,1.105492598,1.92000288,8.455337564,1.288891688,0.600399909,0.451598924,0.365518398,2.769578589,0.464347578,0.342966432,0.116952716,0.383945715,0.126336666,0.2617814,0.046149758,0.313302332,0.39315854,2.31215399,0.473547896,0.194799135,0.112230808,0.304429466,0.083507217,0.354067713,0.094096842,0.301479128,0.068586617,0.215814399,0.078655145,0.203349397,0.069841458,0.207630106,0.109582216,0.28544683,0.346385646,4.30906816,0.706805436,0.372723077,1.016765324,0.495558358,0.139010588,0.095774502,0.077683489,0.339079285,0.101826007,0.619384733,0.133959611,0.184086966,0.168429511,0.143377986,0.044708092,0.111530764,0.015899172,0.113309646,0.041682313,0.116474457,0.050707062,0.151799153,0.038989178,0,0.008706597,0.062726642,0.075281635,1.553994552,0.316304071,0.221772447,0.0105032,0.12227845,0.012557846,0.060747821,0.00436756,0.856416639,0.196453392,0.19136757,0.020483738,0.049822347,0.006618061,0.066267494,0.006666598,0.018738518,0.019311963,0.03322909,0.018352929,0.017608713,0.00020511,0,0,0
0,0,0,0,0.000966493,0.001282465,0.001141711,0.008699635,0,0,0.014963915,0,0,1.115416259,0,0,0.187704633,3.712194768,0.076910233,0.016133269,0.000476985,0.001445427,0.002629565,0.00949809,0,0.051217709,0.108982143,1.251244482,0.102176946,0,0.770668332,1.279635429,0.082636826,0.033168082,0.052495336,0.300754373,0.043242281,0.199095066,0.252506306,1.915977478,2.049353635,16.31227363,1.810048986,3.569048212,1.859055843,7.972374798,0.459988372,0.144243419,0,1.629798633,5.585492224,7.512629149,0.808837914,2.119253487,1.642571397,6.485409665,3.099541836,6.82073967,1.607672298,5.370164332,0.399656162,0,0.22475082,55.00952698,7.351311382,11.54389501,14.8664015,61.77019315,4.277709646,2.499197812,0.082224045,2.147287381,0.975651348,2.609551322,17.43271569,100,9.118801891,3.801500931,3.256699548,5.344294333,5.177540504,23.32303071,2.660366339,3.385412428,0.296307123,1.126414369,0.404101365,1.86252348,0.728924975,4.045141443,1.784500514,8.971225627,3.527780197,5.370563672,3.253709984,11.57118311,1.88399427,4.100927643,1.20076653,4.192171969,1.380284509,4.108812765,1.067972676,3.516533702,2.368828102,9.145023437,3.680920326,6.994514538,3.879667405,16.7242765,1.504237455,0.913864813,1.721382393,8.710642869,2.325737429,7.972665931,2.521335042,8.873950779,0.15851212,0,2.544884672,6.396901118,4.076672146,10.99968161,2.615466656,3.267874275,2.088035288,8.636665001,3.618949944,6.202354749,1.883073747,5.505096095,1.507672152,3.287730921,1.171064354,1.67807337,0.233186056,1.818698728,0.6088152,1.027059178,0.131445633,2.239478936,1.992251393,12.20908771,3.021912321,7.538407435,1.253097909,1.820829506,0.497906447,0.712856671,0.296041762,0.797041025,0.262273891,0.616420518,0.229796692,1.070975529,0.313690954,1.03874386,0.342253486,0.988637951,0.593241543,2.979029955,0.448231885,0.545847842,0.466487485,2.104791848,0.308277299,0.645329293,0.501031481,1.367673064,1.235003235,9.620235106,1.659681665,2.987806306,3.408393707,2.193546681,0.418175176,0.305675853,0.075289069,0.597337395,0,0,0,1.025291099,11.57256028,1.853441908,0.770852608,0.576950925,0.480595069,4.93389893,0.734936362,0.368408207,0.07278906,0.160418121,0,0.089790604,0.013257709,0.019441128,0,4.280959482,0.647760475,0.249631769,0.089692588,0.64901721,0.065905018,0.299109883,0.036891881,0.368922474,0.048810146,0,0.021650848,0.068466139,0,0.03872205,0.026193164,0.139118266,0.217950038,5.486181364,0.89326424,0.320574196,1.076582365,0.521082197,0.10802508,0.004551411,0,0.183521906,0.030485892,0.432443028,0.037277627,0.122022238,0.092136147,0.054567894,0.012616537,0,0,0.071299287,0.010160639,0.027249681,0.009158312,0.077210239,0,0,0,0,0.014125732,1.361437081,0.242283031,0.062441387,0,0,0,0,0,1.21963305,0.25935367,0.161121875,0.056400261,0.001466063,0,0.058362025,0,0,0,0,0,0,0,0.015769331,0,0
0,0,0,0,0.00022546,0,0.014258288,0.00987532,0,0,0,0,0,0.600990528,0.065757598,0,0.044459257,2.781676544,0.05010168,0.006750376,0,0.000774288,0.003478549,0.024334398,0.01761118,0.131277031,0.23387093,1.948472252,0.910042594,5.31968717,3.410761706,16.38593452,0.472601663,0.127021829,0.045628532,0.292514727,0.034247737,0.21135647,0.248558059,1.662125198,1.177926055,8.6016,1.37319406,3.816545891,1.831116865,8.041155993,0.439950695,0.276762807,0.017067894,2.075265139,4.346068187,7.442315556,0.770340356,1.981419905,1.39826402,5.647045693,2.770549342,6.243649785,1.399977153,4.576652583,0.573351581,1.269707004,2.125354591,46.51731178,6.451150594,12.0821148,10.08969173,41.95947925,3.008777776,1.657599727,0.342614308,1.781976873,0.998861369,3.273232023,17.22739263,100,9.074402703,3.529937637,3.316958403,7.620926335,4.857652886,20.78526977,2.167478541,2.419331319,0.240855252,0.94085854,0.302930035,1.558623674,0.578846475,3.5738815,1.647362216,8.399136484,3.351486846,6.633646074,3.188387261,11.02672669,1.731043056,3.67235791,1.075029086,3.445911299,1.079343473,3.206537731,0.864136609,2.92550725,1.88747572,7.506316899,3.240892867,6.741420974,3.586336575,15.59424734,1.708923791,1.579454744,1.433564358,6.745971974,1.881210591,6.542413811,2.084028989,7.785900804,0.364305269,0,2.204837103,5.840573049,3.848851948,10.41017305,2.388155143,2.974836616,1.791898686,7.803599261,2.037636626,4.685593149,1.598268405,4.918316341,1.305309769,3.054339096,0.938362084,1.562751696,0.378111206,1.687216538,0.57370721,0.879482979,0.070670605,1.864788555,1.328656144,7.679956016,2.325162896,7.058908046,1.052326772,1.52836406,0.387204791,0.741471989,0.259705379,0.7333214,0.233362528,0.540382519,0.240532999,0.958377987,0.242092478,0.740731233,0.246529315,0.756022733,0.479629833,2.163559589,0.366075937,0.475672303,0.345861671,1.417243307,0.206569174,0.535908539,0.317888299,1.411021195,0.864760233,6.206669291,0.99348962,2.266525224,2.389524913,1.73272215,0.368826668,0.298792076,0.116860836,0.845323727,0,0,0,0.964356035,8.056229147,1.279974135,0.580668341,0.543365293,0.318648508,3.327451599,0.458969711,0.298705987,0.029009328,0.156727438,0,0.084866323,0.039825796,0.135070403,0,3.582452603,0.512832113,0.197974579,0.049783303,0.423049277,0.070555992,0.30883922,0.061566042,0.299484423,0.062634718,0.014549232,0.004605721,0.139921706,0.00588903,0.053876541,0,0.18850877,0.184943992,4.317560436,0.681032436,0.230802088,0.841926413,0.413631585,0.074696573,0.014703601,0.004986087,0.332873881,0.080796403,0.58048764,0.079002547,0.068524716,0.084517961,0.072833769,0,0.002020419,0,0.083273446,0,0.046108554,0.010844193,0.11282918,0.010066772,0,0,0,0.01771396,1.334244056,0.255128186,0.038180265,0,0,0,0,0,1.268350862,0.260520079,0.311250216,0,0.005765056,0,0.023030057,0,0.003780996,0,0,0.004420961,0,0,0.021197145,0,0
